session_id,action,timestamp,url
dba3a375-bccf-4934-9e19-84903486e64d,checkout,2024-03-26 00:00:00,/products/smartphone
eac074cf-815d-438d-9b6e-b934f5c9c09c,checkout,2024-11-21 00:00:00,/products/smartphone
60d467fa-4ab9-4750-a004-3477e9cfe951,add_to_cart,2024-10-02 00:00:00,/home
a1e7577e-af37-4c99-99e1-50b3513f799f,add_to_cart,2024-06-06 00:00:00,/contact
5f221351-c8fc-4193-b7ad-ad367487a429,checkout,2024-10-15 00:00:00,/products/laptop
701cdffe-cf3b-4ad3-aff2-226175c9242e,add_to_cart,2024-03-29 00:00:00,/home
db36c4af-f7be-4672-b784-c70d1fa94867,checkout,2024-04-20 00:00:00,/products/smartphone
cf29f9be-9e3c-4a8e-b4e4-d00d5b447913,checkout,2024-09-17 00:00:00,/products/smartphone
5c83ce2e-ec2d-40e1-81f4-7053eeeeb5a8,view,2024-08-09 00:00:00,/products/laptop
aedb52aa-feb5-49fa-8d04-5cdb988e3364,view,2024-01-19 00:00:00,/products/laptop
5732a36f-ad4a-4c22-942a-754b211bfa85,add_to_cart,2024-02-06 00:00:00,/products/laptop
53aa2c8c-7262-46f2-9f2a-f58c1ced5a97,checkout,2024-02-10 00:00:00,/contact
18803cb8-5831-465d-aacf-e217fc160993,view,2024-02-25 00:00:00,/products/smartphone
d07961b9-bfdc-411f-b0c9-81b501964598,add_to_cart,2024-06-11 00:00:00,/home
e1765044-a365-491f-8b29-613047e2fb31,click,2024-07-19 00:00:00,/contact
07c42fe4-87e0-4e4d-8984-f0da1cd4ea78,add_to_cart,2024-01-03 00:00:00,/products/laptop
b9f41c4d-dea2-4a1f-a229-87ac71dfa5ee,checkout,2024-05-18 00:00:00,/products/laptop
5d56a100-20a8-4817-8436-f48d9049a7ad,add_to_cart,2024-11-25 00:00:00,/products/laptop
1f221704-7155-4e81-a577-a6260c9f6edd,add_to_cart,2024-06-15 00:00:00,/products/smartphone
8700fbea-412b-4859-bd90-fc3a660f055e,view,2024-05-01 00:00:00,/contact
dfe9393e-4a9f-41c6-bb19-a1d74c96b854,view,2024-01-19 00:00:00,/products/laptop
838617a2-3022-49f9-b130-87480d6fa57c,view,2024-05-25 00:00:00,/contact
6f2f7341-fc0c-4174-81c8-74f713b0e731,view,2024-06-21 00:00:00,/products/laptop
d11898ae-ab13-40ae-80d9-e7714f712b6b,view,2024-08-27 00:00:00,/contact
b2ebfa2c-0911-4889-8a18-30912e956aea,checkout,2024-10-06 00:00:00,/contact
6fba74d7-6374-4e42-9dcb-5fca7dff1f4a,checkout,2024-07-17 00:00:00,/about
17977f29-199e-47bd-9942-9a5aa906ea5a,click,2024-11-17 00:00:00,/contact
162bd3df-5132-4cc1-b04f-ad508eb6341c,checkout,2024-02-29 00:00:00,/products/laptop
b7d5e711-0b74-4440-8e03-1723f141f300,click,2024-10-23 00:00:00,/contact
b52aaad8-baa1-41a8-a121-bc30cd15d5b0,add_to_cart,2024-10-15 00:00:00,/contact
e3ca5cb9-da02-44ac-bc45-56a042211b1f,checkout,2024-06-05 00:00:00,/about
10975b7b-4e4d-417a-a1c8-8b6c0aed4496,view,2024-06-30 00:00:00,/contact
9cb0ed34-532e-4896-9f66-4ba0bf888e81,view,2024-04-03 00:00:00,/home
7dc51b74-7c93-4917-864b-9391ae86249e,add_to_cart,2024-11-26 00:00:00,/home
10583391-c2ce-4105-8de5-d4720d79ba84,add_to_cart,2024-07-26 00:00:00,/about
173d4223-a938-487b-843c-8d4c97ac7d67,checkout,2024-05-03 00:00:00,/products/smartphone
afd90636-1ff7-4231-ac80-54c9e4b64f6d,add_to_cart,2024-02-20 00:00:00,/products/smartphone
c91fbb7b-2f80-4bfc-8db3-3c19db97b233,click,2024-02-13 00:00:00,/products/laptop
ac5ea0b5-e79e-48cc-a9ba-c84617b1bf9d,click,2024-01-15 00:00:00,/products/laptop
48d60120-4d2c-452a-b71c-1f484725478d,checkout,2024-02-10 00:00:00,/contact
0dae5569-5d84-4213-8b84-d2ca0ff22109,view,2024-05-06 00:00:00,/products/laptop
d778a82d-08b0-45fd-9584-4e01cebb4a55,view,2024-01-28 00:00:00,/products/laptop
bd1b4d9a-01a3-48b0-b750-a7c79ad044da,view,2024-02-26 00:00:00,/contact
1d5dc3c7-d419-404a-a5e7-fc1bcf1724ba,add_to_cart,2024-11-24 00:00:00,/home
e71c045e-82ae-4afc-a862-4c029d3242a1,add_to_cart,2024-05-19 00:00:00,/about
810ebf24-d4ea-4725-905a-bdd210c264c7,view,2024-04-25 00:00:00,/home
60aed0ab-b4fa-4add-b23e-1c67e17d99cf,view,2024-04-07 00:00:00,/products/smartphone
b86a4730-1038-4315-bf1a-7b2ec035370d,view,2024-08-26 00:00:00,/contact
94cc3cbc-01ea-44e1-a373-934d3008d59c,view,2024-08-25 00:00:00,/contact
0d002770-22f0-4a15-8085-9c5c1958a65c,add_to_cart,2024-07-21 00:00:00,/home
abdfd69c-623f-4527-9832-a9c252949f43,checkout,2024-01-27 00:00:00,/about
e7bc4c3b-f511-48b4-9cfc-9bd6a6cbe3a7,view,2024-08-12 00:00:00,/contact
de531677-b5a2-4fa5-baa4-a5942848c9ac,view,2024-09-09 00:00:00,/products/laptop
3aace168-190e-4195-ab1c-89e0c52bcd3e,click,2024-05-17 00:00:00,/home
8c92c77f-de45-491b-af59-850c73eba732,add_to_cart,2024-03-02 00:00:00,/contact
1d4161d3-a1b6-45b0-b1ae-3931c93b7ddd,view,2024-06-24 00:00:00,/contact
839828da-cb11-44d1-beb2-30fa7386bf75,click,2024-07-13 00:00:00,/products/laptop
ba5d2452-b17b-439e-9427-54a268da6384,add_to_cart,2024-04-21 00:00:00,/about
287d33ba-9705-4fb7-bdfa-f0d548a4246e,checkout,2024-02-28 00:00:00,/products/smartphone
ea5d2eb1-d596-4e05-b300-089565eb23c4,checkout,2024-10-14 00:00:00,/contact
bb2930cf-f10c-49f1-8e11-e660d9b4331b,view,2024-05-02 00:00:00,/about
e0a76d9a-46dd-446c-8cb0-5b5d04a7586d,click,2024-07-12 00:00:00,/about
53113ef7-88a2-462a-8b89-6a0e77179fb6,click,2024-01-10 00:00:00,/products/laptop
4c320400-9fcc-4068-a8d0-d2bea309241c,click,2024-10-22 00:00:00,/products/laptop
07adb783-7e4a-4cea-828f-c0faac2ae372,add_to_cart,2024-07-01 00:00:00,/products/laptop
0e72a44f-3726-474a-b870-2d244783ee67,add_to_cart,2024-04-24 00:00:00,/products/smartphone
011ce449-cda3-4d3b-8049-a5630fcd9f57,view,2024-09-18 00:00:00,/products/smartphone
1835f3ce-a845-463c-bcbf-5ae5efcfbd25,click,2024-04-25 00:00:00,/about
f43d6e54-de78-4b55-90b4-76dc9f4db6dc,checkout,2024-05-14 00:00:00,/products/laptop
acfdcee5-0842-49b0-b971-772b4fb228f4,view,2024-05-09 00:00:00,/products/laptop
4c9dbac5-e444-4df2-b1aa-26103354a828,click,2024-08-18 00:00:00,/home
3e19e49e-c054-4be1-bfa8-b9365330a6fd,add_to_cart,2024-05-02 00:00:00,/home
b829729c-ab3f-4e86-a887-9f9d4e21b7a8,checkout,2024-11-25 00:00:00,/home
fa9e5024-eb0d-4261-8aac-43511ec51e68,view,2024-02-02 00:00:00,/contact
7d24e60e-e887-4705-a8be-238bdee4311b,checkout,2024-04-13 00:00:00,/contact
85b01671-6c78-4e20-8a32-7539b3870758,add_to_cart,2024-11-01 00:00:00,/home
80da8467-7bc9-457d-a191-bffbb407eb7c,click,2024-06-08 00:00:00,/contact
9b2d46b9-85a5-46e9-908e-55fceead873a,add_to_cart,2024-02-22 00:00:00,/products/laptop
b07ab19c-dfb2-490a-8177-c042680f7510,click,2024-08-19 00:00:00,/home
683968dd-bb45-43dc-9609-ac2c890e7069,add_to_cart,2024-04-27 00:00:00,/products/smartphone
214808b5-584e-4d4e-92f6-fe374e7a8016,view,2024-09-27 00:00:00,/products/laptop
7322874b-b13d-42a2-b56f-e173665df0df,view,2024-04-15 00:00:00,/about
d23c2be0-586c-47f8-ab26-f88a113388cb,checkout,2024-04-03 00:00:00,/products/laptop
9fd277b9-cfaa-4d56-8a80-dc66ada0ea64,checkout,2024-04-28 00:00:00,/about
14a01adc-062d-430a-8dec-fb2f88054973,click,2024-04-17 00:00:00,/about
3af9b17d-c20b-4ae0-96f7-ea2cb4db2bb9,click,2024-03-12 00:00:00,/about
c215a8cc-e51a-486b-b540-3144a48a11ce,click,2024-04-24 00:00:00,/home
71118072-65f4-4c39-bd8f-4b772180350f,click,2024-06-04 00:00:00,/home
6a1b77cb-24f2-4285-802b-38661e1ec8b2,add_to_cart,2024-09-27 00:00:00,/contact
c3caa20f-8f28-4c47-aa97-edcce69414a9,add_to_cart,2024-07-14 00:00:00,/products/smartphone
27edc8ac-dd56-4c8d-8112-315d066ca915,checkout,2024-06-05 00:00:00,/contact
9675b817-97c3-4f1a-a276-9347cfd6b270,checkout,2024-08-26 00:00:00,/products/laptop
f14434e5-c255-447a-aef8-c5f65d6727ba,checkout,2024-03-27 00:00:00,/home
91dcd905-33ec-4f9e-ae92-e06ab8ce6d35,checkout,2024-09-20 00:00:00,/products/smartphone
f0ae61c6-3099-4af9-9357-e03704e8c7ee,click,2024-09-24 00:00:00,/home
8386df38-e432-4405-9f89-8d1b8d4199b3,view,2024-11-12 00:00:00,/products/smartphone
d1a46bf8-f90d-4138-846f-334eb369b739,checkout,2024-11-25 00:00:00,/products/laptop
fdc798a3-f60a-4c97-9b2e-f6e993edc079,add_to_cart,2024-03-03 00:00:00,/products/smartphone
32cf1aec-01e2-4c22-9a4d-554e768f3037,checkout,2024-07-24 00:00:00,/home
36f9fb09-eeee-42df-b4d6-b5172ded747e,click,2024-05-23 00:00:00,/about
e8f5d0ba-b796-4028-b3dd-d94bc76655ff,click,2024-08-07 00:00:00,/contact
2bf0a5b9-c59f-4ab3-81a2-ff08ea6f3975,checkout,2024-05-27 00:00:00,/about
0c8b9d59-cc98-4529-ad32-ab3714b78658,add_to_cart,2024-02-19 00:00:00,/products/smartphone
a6ae8fec-5d68-4135-8556-685376f14e73,add_to_cart,2024-02-17 00:00:00,/about
2c527489-1d48-4cd2-8235-f41def202ab2,checkout,2024-04-24 00:00:00,/home
a4ed63b4-5b8d-4c96-94a7-ac69dac3454d,click,2024-07-03 00:00:00,/about
8d6757f2-f72c-40b7-b2ce-fa4ed66e9998,checkout,2024-09-13 00:00:00,/home
9961cc71-a852-44c4-a86c-b711f2660302,add_to_cart,2024-05-30 00:00:00,/contact
955caf44-b4a0-42c6-b213-d8b15079e34a,checkout,2024-08-31 00:00:00,/products/smartphone
5bcd1147-6803-4ca4-9d66-9563c2fed7ed,checkout,2024-10-23 00:00:00,/home
fc5f0f8b-c442-4c37-97d8-b478784ec7d9,checkout,2024-04-18 00:00:00,/home
0397266d-3caa-4cda-8009-f6605ce17d58,click,2024-08-30 00:00:00,/about
8c34ef97-9f01-46c9-b3f3-7cad7082d95a,add_to_cart,2024-06-01 00:00:00,/contact
40b69a12-7842-4083-aee8-fd260bde060f,checkout,2024-05-16 00:00:00,/products/smartphone
8801c738-3383-4b20-a557-a82b6f936952,click,2024-04-14 00:00:00,/home
5fcd2af7-cfac-4363-b44e-1f26c3e20984,checkout,2024-04-19 00:00:00,/products/laptop
2baff801-e404-4dcf-9739-fa095004c405,view,2024-02-07 00:00:00,/products/laptop
40e050db-88e3-46b1-9b2e-61fb0b262464,checkout,2024-01-25 00:00:00,/products/smartphone
109ce778-60e2-4dda-b2bd-de91e099e298,click,2024-10-31 00:00:00,/home
39197172-1040-4890-95ea-690d7bf9874b,view,2024-01-09 00:00:00,/products/laptop
08f90b35-6f5d-44e9-a855-15a40fc6a2e8,add_to_cart,2024-02-23 00:00:00,/products/laptop
b3182dd3-64cc-4714-b84c-10b8378c34ac,checkout,2024-10-28 00:00:00,/contact
09931feb-7a1f-4d5c-bbb2-d007183eb06f,click,2024-04-04 00:00:00,/about
ff8d6c44-139c-4bf8-bf58-b57df542eeee,click,2024-11-10 00:00:00,/home
2b4a3532-9845-4d73-8162-b5cc27fa9e22,click,2024-09-26 00:00:00,/about
cd8907e8-6995-487b-8549-baaeb6a38877,checkout,2024-11-11 00:00:00,/home
3eb8e9a9-5666-4c11-90ab-15684069fe3d,click,2024-03-16 00:00:00,/products/laptop
69a0895f-3b54-425c-b2cc-0bc2c892672e,click,2024-10-05 00:00:00,/contact
a8e9012b-6855-4589-ad5a-a9e152d4e42e,click,2024-07-25 00:00:00,/products/laptop
9ab8afb7-5f26-419f-9aab-ff86e0aacee5,add_to_cart,2024-01-14 00:00:00,/home
fba6339a-3d2c-4b99-94c9-a0f91ab38e61,checkout,2024-07-15 00:00:00,/home
05123269-7af3-48ed-b369-07f0a3456b7e,checkout,2024-08-27 00:00:00,/contact
69ac6c86-0bd0-4622-8d99-e6fe80b6565e,click,2024-06-30 00:00:00,/about
4e30e66c-1358-490f-b4e7-7af9403d7cca,add_to_cart,2024-03-11 00:00:00,/products/laptop
9a37f5da-6781-4494-8995-0d08e07bcad3,add_to_cart,2024-07-05 00:00:00,/products/laptop
bab62662-f2cc-4407-b5a3-5800c438206a,add_to_cart,2024-03-23 00:00:00,/products/smartphone
97565eee-943e-4715-a5ea-764ec4ef85d3,add_to_cart,2024-06-21 00:00:00,/home
a6204c65-190a-43b7-a8c4-11c5010b49a1,view,2024-07-28 00:00:00,/contact
09146fdb-722f-4946-a93c-9ad9d3476a28,checkout,2024-04-04 00:00:00,/home
6fb51c18-32d8-4c4c-a189-6aa52fc6ba70,add_to_cart,2024-03-07 00:00:00,/contact
159675c6-82c2-4d62-bfea-0a138bd70873,view,2024-04-19 00:00:00,/products/smartphone
623f0aac-1f19-4d56-8bad-b98ae810b1f8,click,2024-03-05 00:00:00,/products/laptop
876c7be8-2038-4f8b-a2f8-86228f58be52,view,2024-05-12 00:00:00,/products/smartphone
0bd96853-b51b-4b03-928c-f0ef9b40a717,click,2024-05-20 00:00:00,/about
0b5471c0-da60-49b2-a69a-02e3bbf3759d,add_to_cart,2024-02-11 00:00:00,/contact
6604a3fd-db93-4ef4-841e-c07f88232ffb,add_to_cart,2024-07-27 00:00:00,/products/laptop
99878908-70e3-470c-aee7-543b665a6123,view,2024-06-10 00:00:00,/home
a2541f33-c06f-41e7-b316-21c7f2f2c1fe,checkout,2024-02-01 00:00:00,/home
c32ed910-0a68-4dc3-85ca-0cbe7eaa7ce0,checkout,2024-08-24 00:00:00,/products/laptop
43c789d9-a9eb-4a81-8322-37f739282883,add_to_cart,2024-05-23 00:00:00,/contact
9cbef601-7ee1-4762-851b-263768cbb75e,click,2024-07-16 00:00:00,/home
ffff5ad0-b451-4b3e-b985-5af64c5222b5,add_to_cart,2024-08-19 00:00:00,/contact
30090956-2304-40fe-943d-610b91602cae,click,2024-08-05 00:00:00,/products/laptop
6365c599-9541-464c-a763-550dd133fd07,view,2024-06-17 00:00:00,/products/smartphone
e2381c65-073d-4099-be99-2dbcaff3f25c,checkout,2024-03-27 00:00:00,/products/smartphone
7c5ef542-6e84-41e1-b4c0-4208bc5a0612,click,2024-03-29 00:00:00,/about
0729d226-e7ca-47d5-b58a-e0a602d0ea54,view,2024-10-13 00:00:00,/about
636a01bc-fc8a-427e-97a5-ca4b9b82b78d,checkout,2024-06-27 00:00:00,/products/smartphone
e6c7a731-a7c3-435f-a38a-a550233009d9,add_to_cart,2024-01-13 00:00:00,/home
bf0c8dfe-9f5f-400a-a91f-c287e45f4191,checkout,2024-06-18 00:00:00,/home
98157b49-b0cf-4deb-ab3d-da175dbb7ee7,click,2024-01-06 00:00:00,/about
14e42056-ec88-4ca7-942c-40bd99b36cd2,click,2024-08-16 00:00:00,/products/smartphone
7873d756-9557-4f27-ab3f-f45f254d8bd2,click,2024-07-22 00:00:00,/home
00982504-d579-470e-9f4b-ad354243414f,add_to_cart,2024-07-16 00:00:00,/about
50b52bd7-e637-41c8-b733-2f544b355d34,view,2024-02-01 00:00:00,/about
0989beb7-7e07-4aaf-8ec9-cc5f019a1f6f,add_to_cart,2024-11-05 00:00:00,/about
e2025d72-4837-40c5-a2e4-5da48abd356e,view,2024-07-05 00:00:00,/products/laptop
2053253b-5f20-4457-861b-35946e164b25,view,2024-01-11 00:00:00,/products/laptop
afddfa83-ba50-40d3-8512-25635dbd9b81,click,2024-11-14 00:00:00,/about
37c0cea0-1a78-47d3-990d-28da60cabbcd,view,2024-07-02 00:00:00,/home
0268a970-3753-48be-a2df-ff88d5817600,add_to_cart,2024-09-02 00:00:00,/products/laptop
395d7f77-e172-479d-acfe-44f992cf445f,add_to_cart,2024-06-03 00:00:00,/home
3d3d2d8d-64fa-424d-98e7-35e860fb2a6b,click,2024-02-02 00:00:00,/about
cc49672a-5c84-4983-adc8-135ffcc34e6a,click,2024-04-13 00:00:00,/contact
6988c355-8542-461a-97cb-0810416eb39b,click,2024-09-23 00:00:00,/contact
453277ab-fb8d-4fcb-a980-fa265e92b777,click,2024-08-27 00:00:00,/home
0e84990d-526f-42ce-95bf-0f8f177dffde,checkout,2024-08-04 00:00:00,/products/laptop
9e79d185-6697-4c98-9f0c-6be89224e77a,view,2024-05-29 00:00:00,/home
c225fb96-996f-4b9b-acb5-d424f50e7d78,add_to_cart,2024-10-01 00:00:00,/contact
3221b59a-f365-457d-a6df-11710e09c679,checkout,2024-08-29 00:00:00,/about
8eb86516-97bd-49b4-adaf-70e9cf75134e,add_to_cart,2024-01-09 00:00:00,/products/smartphone
e0b6b391-d51b-435a-ba6e-3657523e85ec,click,2024-04-06 00:00:00,/home
a7557e63-8824-4a14-a46a-00c302ccc639,view,2024-10-24 00:00:00,/home
1cbea9b3-1064-43cc-9985-9cfe334160ff,click,2024-10-03 00:00:00,/home
52524f7a-bfdd-4c64-8bd4-6c66cec1f4be,view,2024-02-07 00:00:00,/contact
8c5fa2d3-1690-4a4a-b34d-9650641bda10,click,2024-05-28 00:00:00,/about
f0a79efb-416b-4ff6-b181-5e419b2eafaf,add_to_cart,2024-04-15 00:00:00,/products/laptop
1bde20f7-83a7-40a7-92a1-560da7294816,checkout,2024-08-02 00:00:00,/about
4df1156e-a9d9-49a2-b8cf-1fe9c9da6c2d,click,2024-06-26 00:00:00,/home
09697a8a-83c9-4afc-aa01-b4528860c507,click,2024-10-30 00:00:00,/products/laptop
4e342009-da31-4fbc-90b7-588db19a6b68,add_to_cart,2024-02-08 00:00:00,/about
581e9769-e615-4217-be1d-d2702431d2d3,view,2024-10-17 00:00:00,/products/laptop
053ce91a-a1b6-4b60-b9ea-96b0a8905041,click,2024-01-26 00:00:00,/about
3500ebcd-2aa1-418a-adac-52e483bc096a,add_to_cart,2024-07-31 00:00:00,/products/smartphone
c635881d-79b2-48eb-9260-361a6a005ec1,view,2024-03-01 00:00:00,/home
ecd77f1c-b19d-4e0d-971e-c027ffdf0471,checkout,2024-03-16 00:00:00,/products/smartphone
742f23d3-e4c5-4ba2-a60f-cdd29cc4c5a7,click,2024-03-19 00:00:00,/contact
a8caeda2-5794-45e1-b390-73cb9a95ea02,checkout,2024-04-24 00:00:00,/home
ace59c66-b166-43ea-b9ee-690cd35626fc,add_to_cart,2024-11-17 00:00:00,/contact
00cf8599-4a2e-4901-ae13-bac5d171559f,checkout,2024-06-27 00:00:00,/contact
1d0e44cd-0a08-4509-8a87-03ae14955fdf,click,2024-03-01 00:00:00,/products/smartphone
37979367-1da7-4522-a26e-c248272cdbbd,checkout,2024-09-12 00:00:00,/products/smartphone
edfa6bfa-1307-45d4-ac10-41ecf2b727d2,view,2024-02-24 00:00:00,/about
fd9c038b-703f-4308-bdfb-17e26e40b8ec,view,2024-05-12 00:00:00,/about
d3a44bf2-0e23-42f9-92e0-6c9fcb07e002,click,2024-07-17 00:00:00,/home
13f565f3-7e0f-4107-8d70-602963e7f612,add_to_cart,2024-04-28 00:00:00,/products/smartphone
940a05a3-a56e-4bd2-a9f2-63b5e4e094ab,add_to_cart,2024-10-01 00:00:00,/about
863d96ef-9df1-4386-a1b5-93d7d17d47c5,checkout,2024-06-05 00:00:00,/home
ebd0b7bf-a8f6-4959-b842-abf3f256d8ab,click,2024-05-15 00:00:00,/products/smartphone
eaf936e6-f858-4bb1-8ca3-cc93b0981209,view,2024-02-21 00:00:00,/products/laptop
97c10e86-dde9-4264-80fc-4dbbc182a8c6,click,2024-03-10 00:00:00,/home
2270e15e-344c-4136-a1bc-30ec449c370f,view,2024-05-20 00:00:00,/products/smartphone
dcbc8abf-cdc7-4ec6-a949-c36f44f026cd,click,2024-07-04 00:00:00,/about
d89eb467-8fe1-4bc5-b192-3a572d4063c2,click,2024-04-01 00:00:00,/about
123e0420-3e1e-4865-b302-588f7f023c67,view,2024-07-08 00:00:00,/contact
6c58a72d-b99d-4e71-acf9-76b22770ae46,view,2024-05-12 00:00:00,/home
d6c82542-0779-480c-8d40-2b1d9bc04d91,view,2024-04-15 00:00:00,/home
a35cfe23-1385-452c-9c92-ed0948a66ca1,click,2024-11-18 00:00:00,/home
228630f2-7784-45c5-966b-5768bd760ca9,click,2024-10-21 00:00:00,/products/smartphone
5fc76ca0-3353-48ea-9442-4e019fd40363,view,2024-04-14 00:00:00,/products/laptop
4fc0efe7-0add-41bd-94e8-2b89b4326fbf,view,2024-07-17 00:00:00,/contact
da6b4863-9821-456c-bb32-5e544d86ce66,add_to_cart,2024-08-07 00:00:00,/products/laptop
142258a4-50ee-4ef3-b16c-45b982f79ab1,checkout,2024-05-25 00:00:00,/home
3de212d3-135b-42c1-bf05-2b2600e04409,add_to_cart,2024-07-04 00:00:00,/contact
faddc50e-7c16-4cdb-97ba-085d4f8db25a,add_to_cart,2024-03-19 00:00:00,/contact
d0ff2bf7-d8d8-40b5-910d-779741ed654b,click,2024-09-05 00:00:00,/products/laptop
0116b6e3-0144-4c0d-b202-32799f5bb4f0,add_to_cart,2024-02-08 00:00:00,/products/smartphone
cc6b5816-11de-4cb4-af58-8397bfefd4bc,view,2024-08-10 00:00:00,/contact
407373e4-42bc-4192-b269-609b7c934c4e,view,2024-06-27 00:00:00,/home
441b1bae-5d3d-49ad-9892-59390431a14c,add_to_cart,2024-01-22 00:00:00,/products/smartphone
e7cae6f7-3a96-417a-8b90-38641d7767b6,view,2024-09-29 00:00:00,/products/smartphone
ade7ab9f-1932-41d3-ac11-0e222dd62502,add_to_cart,2024-01-19 00:00:00,/contact
0151fea3-15c8-4863-9038-550e1a9795f5,click,2024-10-11 00:00:00,/products/laptop
14910527-45b5-4588-85fb-35bf126fb1a4,add_to_cart,2024-08-27 00:00:00,/products/smartphone
1bca1258-a52a-4deb-9998-e7559fb49cd0,view,2024-08-11 00:00:00,/products/laptop
05f5382a-3d45-4d5e-ae49-64fe70668623,click,2024-08-23 00:00:00,/products/laptop
9ad4f3a9-9a02-43e9-aceb-eb62ceb13f5e,checkout,2024-11-05 00:00:00,/products/laptop
76b91f12-b940-4c43-aba4-83cf83c06a51,checkout,2024-01-31 00:00:00,/contact
ff744f04-5767-4f75-bc40-5e680756f62c,checkout,2024-02-01 00:00:00,/contact
b5c017dc-49b0-4c00-9c41-09488d273b2e,click,2024-06-29 00:00:00,/contact
360f3781-7300-4850-95fc-f1e717720dae,view,2024-02-26 00:00:00,/products/laptop
4628d71c-0dbd-4435-9407-ddbcbd31b263,checkout,2024-05-24 00:00:00,/products/laptop
83af9ee3-b849-4246-9185-66b6cdb4dbc8,add_to_cart,2024-07-09 00:00:00,/home
00363948-d90a-49f6-a437-9b74d3cde725,view,2024-10-04 00:00:00,/about
d8473c0c-1339-44fe-bd4e-fafa4b30ecf8,click,2024-06-22 00:00:00,/products/smartphone
218bb487-4e65-4061-9973-abeee0591e5c,add_to_cart,2024-08-07 00:00:00,/contact
06e13886-96bf-4c74-8ee3-e25ebdb60589,view,2024-11-19 00:00:00,/about
d9495d8b-b22e-4cc1-9ad3-843837dc916a,add_to_cart,2024-01-20 00:00:00,/products/smartphone
fcb33c21-bf6e-4867-9083-062bf822076e,view,2024-06-21 00:00:00,/about
071653c4-e8ca-4687-baa4-4fcd7f0733fe,add_to_cart,2024-07-21 00:00:00,/products/laptop
6ba137be-b3cd-4e97-9609-f8aff647dea4,click,2024-09-07 00:00:00,/contact
abd485ae-60c5-4822-9153-2197dc44aa6a,checkout,2024-08-13 00:00:00,/contact
79d09a42-ace0-4ef3-b783-f4a703cbee12,checkout,2024-10-20 00:00:00,/products/smartphone
7510397d-3c11-47ab-9e1b-f6649e22e112,checkout,2024-03-09 00:00:00,/about
cda673d0-ae66-4a7e-88c0-ae4653ce260f,add_to_cart,2024-01-30 00:00:00,/products/smartphone
6c26afa2-b06a-41b9-ba42-e981c12545ef,checkout,2024-10-01 00:00:00,/about
70ef225e-5287-4b58-af71-8a27ed64f2a9,add_to_cart,2024-06-28 00:00:00,/about
302a9d78-404f-45e2-bc69-4ae3f044f42a,click,2024-05-19 00:00:00,/home
c5468595-2bb4-4c4f-bc36-f92ca0e88b04,checkout,2024-11-09 00:00:00,/contact
e30a50e1-5a7c-4d45-8fce-d8fe09441955,click,2024-09-04 00:00:00,/products/laptop
76d62f4e-c228-4899-9277-3dcf2a227c88,checkout,2024-03-17 00:00:00,/about
d7193024-f394-447d-bb2e-6e3b569dbe11,checkout,2024-08-19 00:00:00,/home
c667badf-f5bb-4cde-af3c-6c8657a10a02,view,2024-04-15 00:00:00,/about
5d2b1c34-3fd3-492b-9d55-a2318b089576,checkout,2024-06-03 00:00:00,/about
157e32f6-c898-4e6f-a5af-b1db9707221d,add_to_cart,2024-07-11 00:00:00,/products/laptop
be58c1d9-b040-4c6b-8183-ba21d6b43ffe,click,2024-01-29 00:00:00,/products/smartphone
40db5167-d0b0-43f1-88e1-4abc4b709d95,click,2024-07-14 00:00:00,/contact
40b1c5f2-e81f-4abe-8d02-bdc3b0fcb791,add_to_cart,2024-10-13 00:00:00,/products/laptop
7aea618d-38ee-4243-910e-cefeb12a66cf,checkout,2024-08-04 00:00:00,/about
c967f7a4-44bb-4fab-9ee0-f330f9668dc9,add_to_cart,2024-11-26 00:00:00,/contact
d8d2fe16-2e23-4e4f-95d4-a449614f269d,checkout,2024-03-24 00:00:00,/products/laptop
01fb97b2-44f4-4b20-8970-42b626329bc4,checkout,2024-02-21 00:00:00,/contact
052d91d0-db8e-42ba-8bfe-f5f4a75f167e,checkout,2024-11-01 00:00:00,/products/smartphone
1fea9b04-0ebe-4a19-9758-663fc9762b74,checkout,2024-11-07 00:00:00,/products/laptop
ef352a34-8525-4d69-84f4-bb28736962dd,checkout,2024-04-07 00:00:00,/about
6d93b299-fb98-4983-b24b-012153a706e5,add_to_cart,2024-01-07 00:00:00,/products/smartphone
8a01318a-480d-4672-b263-d2042b004359,click,2024-01-25 00:00:00,/home
cd04ff02-ec6f-42e2-b1a0-1dd5ea29e4cd,add_to_cart,2024-09-15 00:00:00,/products/laptop
1e2c1ce4-b7ac-46b2-a4c6-13cdc17cdfff,view,2024-01-30 00:00:00,/home
b71e6bd4-a640-45b5-9073-abd216b684b3,checkout,2024-06-01 00:00:00,/products/laptop
d60f14df-91fe-4e21-90d3-de0ac3e0ff5f,view,2024-08-30 00:00:00,/about
0e3c534d-0466-4791-ac73-ee3f9cf39390,checkout,2024-11-18 00:00:00,/products/laptop
30609ee4-8a32-48de-95bb-3ef7103e4e62,add_to_cart,2024-09-28 00:00:00,/contact
fe7499ff-2b6a-4b7f-a55b-9a355278c986,view,2024-05-18 00:00:00,/contact
0537bd87-bc06-4c2a-9a37-c5bb56d61112,click,2024-11-23 00:00:00,/products/smartphone
cf10c603-dc85-4426-8d1e-5503b0c06693,add_to_cart,2024-08-13 00:00:00,/products/smartphone
5cb51596-1c74-424b-b84b-18e044107ba3,view,2024-02-06 00:00:00,/products/smartphone
0a0674ae-94de-4578-b342-eb86b3be584d,view,2024-05-26 00:00:00,/home
10f29b16-04f4-4d55-afc0-09d4e79ddf43,view,2024-09-11 00:00:00,/products/smartphone
a31088b9-c66a-4f23-89ce-dc170cbfdb6d,add_to_cart,2024-06-15 00:00:00,/products/laptop
d28d07e7-28c0-4ea6-9059-a2420ddc9e29,view,2024-03-14 00:00:00,/contact
09722bb4-5de0-4508-b12b-d542f97257ac,checkout,2024-04-09 00:00:00,/contact
e7b80997-878d-439a-9a97-93a8d0537c0f,add_to_cart,2024-09-16 00:00:00,/products/laptop
90dca6bf-8123-49c2-bffd-c6db581402fd,add_to_cart,2024-11-14 00:00:00,/about
9a3c31e5-925b-4778-ba3e-84a709801dcb,click,2024-10-29 00:00:00,/products/laptop
7d9c5792-74cc-4576-950b-61fa35af3ee0,add_to_cart,2024-08-16 00:00:00,/about
c2c1e556-13ff-4151-bd51-1c795e8e482e,click,2024-10-29 00:00:00,/about
7795aa6d-f49b-4703-8ee1-d03ac2f463fe,add_to_cart,2024-04-16 00:00:00,/home
8bd1f4a2-add2-4147-be00-25107b37365e,click,2024-03-21 00:00:00,/contact
7f58e969-a3fa-4748-bf02-ceed63b6b7a4,view,2024-08-27 00:00:00,/contact
c60a7186-efce-4bd9-a232-a9fcb1006028,checkout,2024-10-19 00:00:00,/contact
ec1089f9-7dc2-43c6-9538-f293d6d6de86,view,2024-03-31 00:00:00,/about
13cbf8c7-7371-451a-aafd-85ef5295c26e,add_to_cart,2024-07-07 00:00:00,/products/laptop
a906691d-daef-42a1-b09d-3119e0ade7c3,add_to_cart,2024-08-21 00:00:00,/about
c0396685-d622-41d7-bccc-83eb97ec7971,add_to_cart,2024-03-24 00:00:00,/home
919a6b2b-89a8-4875-94a3-513deeebcc90,click,2024-09-17 00:00:00,/products/laptop
27368f7e-5cb6-4158-ac4f-47e8a724d600,add_to_cart,2024-08-09 00:00:00,/home
24629601-e49a-4bad-985f-06d1f03db480,add_to_cart,2024-11-22 00:00:00,/products/laptop
b1fa74e7-cc46-407e-b911-2a32c3785178,view,2024-09-14 00:00:00,/products/laptop
8d4209e7-9ac7-4533-bf78-fb81afcd27e3,click,2024-06-30 00:00:00,/contact
5f78f584-9380-4c6b-bd06-9f552bb5a942,view,2024-10-01 00:00:00,/about
d97ef654-3bdc-41b9-972a-7a8156dcdf03,add_to_cart,2024-06-15 00:00:00,/products/laptop
77de2f2c-1c38-45db-8278-d9450c8a564f,click,2024-03-02 00:00:00,/products/smartphone
21ca01db-00e9-4beb-8f72-d2e3405b5bf1,checkout,2024-03-02 00:00:00,/products/laptop
238a775a-f0a6-4718-bd33-197bbaa172bf,view,2024-08-29 00:00:00,/products/laptop
6f4b1438-d7e9-4891-8ad5-99570b83ea95,view,2024-03-12 00:00:00,/products/laptop
e8ceedf0-ca6c-433c-a9b8-da2cc6d24fdf,checkout,2024-01-25 00:00:00,/products/laptop
73efd672-14f9-420d-8b10-d2f674f17062,checkout,2024-01-30 00:00:00,/about
95e97c60-4bf1-4a37-8196-44030a0c2e13,click,2024-07-21 00:00:00,/about
73a33354-5af9-41e8-9bcd-1df0deb3c000,view,2024-05-07 00:00:00,/products/smartphone
34a63040-9338-424a-9a47-d9e3f59fd6d1,add_to_cart,2024-08-17 00:00:00,/products/smartphone
143d89a9-36d7-4dad-8cb1-5b2fdfb1d0d9,add_to_cart,2024-03-26 00:00:00,/home
378a486d-10a2-400b-a568-5a2ae3e64636,add_to_cart,2024-08-08 00:00:00,/about
291b7ef0-7eea-46dc-b866-3fc81226d64c,checkout,2024-02-20 00:00:00,/products/smartphone
9d325d95-0cad-4f12-81d5-e16fdf5132bf,view,2024-04-07 00:00:00,/products/laptop
d1ad8186-f38d-49f0-a2d7-d048fbe008ab,view,2024-09-07 00:00:00,/home
56d1873a-be40-476c-9986-1a245b83b5fc,click,2024-04-21 00:00:00,/contact
39d8c8d6-dd0b-412a-973a-ddbc452d649c,checkout,2024-10-13 00:00:00,/products/smartphone
cd1f32ef-52fd-4667-9089-7992fcf53e39,add_to_cart,2024-06-03 00:00:00,/products/smartphone
d069a34a-b628-4ecf-8f5b-7f6ec617c92e,click,2024-04-02 00:00:00,/home
1ee3a07e-847d-46fc-9a20-3fdf45af4a13,click,2024-07-17 00:00:00,/products/laptop
bacba81c-d87a-4010-8506-a46a89fc7a72,view,2024-05-21 00:00:00,/home
ae3e7cda-0fa9-497c-afaf-7092f897ef04,add_to_cart,2024-02-09 00:00:00,/home
78a1618d-cb23-4769-9e18-703269c51407,add_to_cart,2024-09-30 00:00:00,/products/laptop
7b8fbb63-6e10-45e9-97d4-773d45ab1707,checkout,2024-04-25 00:00:00,/home
0e029479-2abf-44d4-89e7-46531ca807bb,checkout,2024-03-19 00:00:00,/contact
170a22f6-982e-42e6-aa97-5f170e044191,checkout,2024-06-05 00:00:00,/products/smartphone
23867e0f-8bd7-41c2-8211-14004fc0bdb4,view,2024-05-01 00:00:00,/products/smartphone
a9ae0f12-0817-40d4-bde3-3542e60d41e3,checkout,2024-11-15 00:00:00,/products/laptop
6a386cde-e42a-47d5-ab29-b6bbee0f32e8,checkout,2024-02-04 00:00:00,/contact
f4cd9710-4003-46f2-ad57-752e83a3bedd,click,2024-11-11 00:00:00,/about
570b3ec4-7bf8-44b5-8203-795379b3cb08,click,2024-03-24 00:00:00,/home
27544d0f-d520-4aa6-80bd-9d6f376700f4,add_to_cart,2024-01-17 00:00:00,/products/laptop
7f953e34-bdde-4125-8ff4-da9d2a8df59a,view,2024-06-12 00:00:00,/contact
8133bd4d-ca6c-4ce0-9fad-ca9fb4b52f9a,checkout,2024-01-06 00:00:00,/contact
a20d3cd7-3dac-43f0-9c18-1aa041540cc4,add_to_cart,2024-04-13 00:00:00,/contact
7da5bde5-c710-4310-8565-311c14a6adf4,view,2024-02-01 00:00:00,/home
f157df07-ebca-4da7-8fd5-82ad1140d03a,click,2024-05-15 00:00:00,/home
83bb6b90-da53-41c9-9a10-0a172ba64d20,click,2024-07-16 00:00:00,/products/laptop
5a3fc529-e0a7-4a59-a4e2-ab8a48da226d,click,2024-10-29 00:00:00,/products/smartphone
a66a1b1a-4ee9-407e-860e-fe32ddc06fd8,click,2024-02-24 00:00:00,/products/laptop
4a5b1659-7d50-4751-9d1e-6433cf8a129b,view,2024-05-25 00:00:00,/products/laptop
7c4d3d8b-c2d5-4a82-97b4-b802c6356336,click,2024-09-26 00:00:00,/contact
8b751201-c1d7-4396-ba3b-30ff029efaf7,click,2024-08-31 00:00:00,/about
b1481184-80c6-4190-b21c-685bf69f7233,view,2024-10-01 00:00:00,/products/smartphone
4217901b-ebec-4656-a9ff-d185f3c6e3ab,add_to_cart,2024-07-28 00:00:00,/contact
23fad5fc-07fb-4236-904e-c3b465bce06a,view,2024-07-23 00:00:00,/products/smartphone
14e07359-3ea8-4b03-a205-bf0904976f1e,checkout,2024-01-16 00:00:00,/products/smartphone
92fa54f3-d6c1-44c5-9f75-1523cf409719,view,2024-01-25 00:00:00,/contact
b83b18f4-3aee-4088-8b00-bcc9d93c6184,click,2024-08-11 00:00:00,/products/smartphone
31a6cda9-63f9-4e4a-a6e0-e36e61031244,checkout,2024-05-12 00:00:00,/contact
b8acedb5-99e2-46f7-9bc6-a46645f10358,checkout,2024-07-29 00:00:00,/products/laptop
39322506-3c08-4eb9-aaa8-300bdaf949bd,add_to_cart,2024-04-29 00:00:00,/home
9dcc5c74-bde2-4644-916a-356d100c1d71,click,2024-03-16 00:00:00,/home
0d20de64-d1c9-4608-9c02-e7350e73dff0,click,2024-09-07 00:00:00,/products/laptop
d6c9b28d-94bb-4cb6-a7e7-ffdd779e2ca4,view,2024-07-14 00:00:00,/products/smartphone
318a1711-12c7-413a-b43b-d6472180db7d,view,2024-09-01 00:00:00,/about
39f8fd1a-2eac-418d-969b-0d058c470152,click,2024-05-28 00:00:00,/about
17e5a7f2-8463-4003-ac0b-e2853e61ee97,add_to_cart,2024-07-19 00:00:00,/contact
c1eac390-991b-4346-9906-7cb2867d79d4,checkout,2024-07-04 00:00:00,/about
80aa7be8-22df-4b0a-8ee4-f781486b3968,click,2024-07-06 00:00:00,/home
6a9a4849-8b23-474b-bf90-4e5971c4c10d,view,2024-06-30 00:00:00,/contact
8b86e676-d5a2-47fa-a7e9-05ab4c5bf489,view,2024-11-25 00:00:00,/products/smartphone
b22b7fc0-2cbb-4620-a7f6-5ccd7f9f1989,click,2024-02-28 00:00:00,/products/smartphone
34329155-f899-4583-abce-ed3d84cf9456,click,2024-04-04 00:00:00,/contact
6097038e-cee2-4fb0-882d-443bddc10b01,click,2024-10-03 00:00:00,/products/smartphone
3fa3489f-bd74-46a9-8dc3-aa843ef406c2,checkout,2024-05-09 00:00:00,/products/laptop
903a5d31-9385-4407-87b2-9e68af220b44,click,2024-11-23 00:00:00,/products/smartphone
9b2de49f-7d73-41c3-b20c-41284585d219,checkout,2024-08-21 00:00:00,/contact
d40f7c55-ebda-4d07-98b2-93dc74c88ef8,checkout,2024-07-06 00:00:00,/home
c056f848-8114-4d9a-84ad-f5f41194be22,checkout,2024-01-05 00:00:00,/contact
19e7f404-857d-466f-b45f-5bf9ac01a7fe,checkout,2024-02-28 00:00:00,/products/smartphone
975aa284-e57e-4029-b6ac-ba3c30ee1478,checkout,2024-02-22 00:00:00,/products/laptop
e2938535-d6d1-4360-9b38-804e246d7f93,click,2024-06-11 00:00:00,/home
2948f98d-f227-4bab-8418-0b7de5fbd1a4,add_to_cart,2024-06-10 00:00:00,/about
6345624d-81be-4e95-b171-284d55040648,add_to_cart,2024-09-15 00:00:00,/products/smartphone
806cd1dc-5096-4b25-aa3b-09337efc07e9,view,2024-06-17 00:00:00,/products/smartphone
15236cf1-c8f2-4f62-b51c-0bec66bf326c,view,2024-09-02 00:00:00,/contact
2fa24c92-b72b-41af-9095-3bfd50e07f92,checkout,2024-02-23 00:00:00,/about
e4f12c98-cb82-4d0c-9cc4-ea3ec20079d6,click,2024-06-12 00:00:00,/products/laptop
08b90c64-427b-4f9b-990d-be16836d1acd,click,2024-04-19 00:00:00,/about
6cc8b01f-2c28-4c48-9d69-c55ed9f8e36d,add_to_cart,2024-05-19 00:00:00,/contact
9888ae21-8dd3-49b7-9596-8af0a36a895d,checkout,2024-01-15 00:00:00,/products/laptop
11854fb5-e835-42a4-8c7f-3caeefab9622,add_to_cart,2024-08-20 00:00:00,/products/laptop
a5f3bf27-2fbd-4e4f-9fce-bbf0fed0eb70,checkout,2024-09-19 00:00:00,/home
dd2402da-4874-4dc1-aaf3-46645ab5c0e8,view,2024-10-13 00:00:00,/contact
ceba2949-daad-47d3-a38c-59a34e185ff7,add_to_cart,2024-01-22 00:00:00,/products/laptop
83c8c3cf-b245-4b2f-92b5-7edb5ac51d2a,click,2024-03-07 00:00:00,/products/smartphone
42838aea-56f0-4749-810d-a680c0ca42b9,checkout,2024-05-31 00:00:00,/home
0ed6bcf8-b2ca-435f-8328-f06e2870d39e,add_to_cart,2024-03-15 00:00:00,/about
1de88dad-e01b-403f-8f36-81214919e831,checkout,2024-11-03 00:00:00,/about
2bb96c7a-6289-4d28-8434-3c63065a81e0,click,2024-03-16 00:00:00,/contact
ed93295e-3a22-4846-a849-c4f8ba3ce7f2,checkout,2024-05-08 00:00:00,/products/smartphone
2f9144d9-caaf-4642-980e-00897d5035ef,add_to_cart,2024-10-09 00:00:00,/contact
3105aef7-c01e-4a76-877f-79880586d690,checkout,2024-03-02 00:00:00,/about
4d9a14b6-d8fd-4165-ab2d-6e7f3f1a39cb,checkout,2024-02-05 00:00:00,/products/laptop
3ab9ee32-e930-4e54-a81f-53364d53797b,add_to_cart,2024-09-26 00:00:00,/contact
6ad13c6b-affc-4cbb-8a2f-544f38985a83,checkout,2024-01-03 00:00:00,/contact
5d8c9deb-21c6-4836-aebc-22b42b0359dd,view,2024-02-26 00:00:00,/products/laptop
6d301bbc-dcdc-433e-85a8-0c2613db0f48,view,2024-10-16 00:00:00,/about
a7a05570-4dd9-4878-96eb-d41b2a30bc60,click,2024-11-13 00:00:00,/home
d0852698-2a33-4743-9126-a8c20e28ff59,click,2024-01-01 00:00:00,/about
f9d1ce77-ba71-4ac9-a24b-4340ff0b77b7,checkout,2024-04-10 00:00:00,/contact
4c3595cc-6fd1-48c4-a859-5f5f72f43d62,click,2024-07-11 00:00:00,/contact
6d81d04a-6ff4-4c6e-9a61-4ea05aedf245,click,2024-01-25 00:00:00,/home
602bb2cf-7e65-4663-b320-8209f4e5edd8,add_to_cart,2024-02-11 00:00:00,/about
5107be72-58b1-4c9c-b172-2ee9ab66575f,click,2024-04-02 00:00:00,/contact
c5e8ed1b-6048-4dd0-8c88-8d7bfce6bf96,checkout,2024-03-01 00:00:00,/about
b63cb2aa-3d3d-44ce-8be9-8efdae768cd0,view,2024-08-11 00:00:00,/about
a950b4a1-782f-464a-aa44-5e9d23f03e2a,add_to_cart,2024-06-06 00:00:00,/about
3eabf6fe-6072-4126-97be-70c31800d136,checkout,2024-01-20 00:00:00,/contact
3a4d1061-88f6-4aa8-acf1-3ab18cccc12a,click,2024-08-12 00:00:00,/contact
197b98fc-45e2-4aaa-97b5-e66a130a050a,add_to_cart,2024-03-22 00:00:00,/about
f46ffc82-662b-49c8-b420-78909c52130d,click,2024-02-17 00:00:00,/products/laptop
f2df4b67-bbad-49d8-bd84-976aa3e6907d,checkout,2024-06-22 00:00:00,/about
aabbcbd1-4b6e-44b1-a1ba-6c75c20682eb,checkout,2024-03-31 00:00:00,/home
acde462d-5796-4198-8115-7bb8f6aaba83,view,2024-10-10 00:00:00,/about
fb3517ef-c206-47b7-9504-079e5fcc731d,checkout,2024-09-10 00:00:00,/home
3c26c20d-3c01-4d2f-8713-649dab04ebd0,view,2024-06-16 00:00:00,/products/smartphone
e4e457f1-761f-451c-981d-9a45539517df,checkout,2024-02-06 00:00:00,/home
9f42e950-f4b9-4dea-b66b-b36ef1c68486,click,2024-05-18 00:00:00,/contact
ee1ff9a0-dd61-47dc-9308-e75f8e8ba1e3,click,2024-05-26 00:00:00,/products/smartphone
75e3e2ba-895b-4990-8ed7-d379b6a45372,view,2024-03-27 00:00:00,/about
baa0e8b7-b1a3-431a-87e6-5b8e8f671814,add_to_cart,2024-07-18 00:00:00,/contact
962d693d-e51a-41c2-8d4c-f453a5cb2959,checkout,2024-11-13 00:00:00,/products/laptop
39b26cc7-df74-4e37-a936-823d6651b4fe,view,2024-08-03 00:00:00,/home
c57afe7a-908e-45ca-9263-5ea6855c6e68,add_to_cart,2024-09-29 00:00:00,/products/smartphone
dc866bee-a522-45de-bdcb-9a0fb09e7710,checkout,2024-09-05 00:00:00,/products/smartphone
95b7d5b8-2128-4514-9d08-810dfcfcacb7,click,2024-02-13 00:00:00,/products/laptop
5a4b7a62-d734-44e5-a810-b4735e886d10,checkout,2024-09-06 00:00:00,/contact
0373cc71-8c93-4f84-a09c-cddfac79d6e4,checkout,2024-11-25 00:00:00,/about
ea06f76e-c42c-4988-beb9-971c1fa8776b,checkout,2024-11-08 00:00:00,/products/smartphone
080829c9-bdd9-4675-87a9-8eb36940cb9a,click,2024-04-17 00:00:00,/products/smartphone
ed32bf38-6e92-435c-88b0-0290338f9a2f,click,2024-06-30 00:00:00,/about
5b51fada-e232-4088-af5a-d57ec7ed2e7e,click,2024-03-11 00:00:00,/products/smartphone
8451095d-5000-4395-b8c5-51d97a475d35,view,2024-04-13 00:00:00,/products/smartphone
bc0aaa7f-504a-4877-bd0d-d173925f7e65,view,2024-10-27 00:00:00,/about
2bcf5853-a1d6-4c2d-96d5-6215aa681366,add_to_cart,2024-05-12 00:00:00,/products/laptop
b64f28af-c48b-437a-991e-23fd9195ab37,click,2024-04-21 00:00:00,/home
7ba5a941-4a86-4f32-9b14-7ccee859d1ce,click,2024-05-12 00:00:00,/about
c6e89b5b-e18d-4d6f-af4b-66a43be8cc4a,add_to_cart,2024-02-01 00:00:00,/home
a9433a2f-29f5-4cdc-b6b9-4874ef080f6e,checkout,2024-01-01 00:00:00,/products/smartphone
0ac4a89e-2814-4c59-bf60-46a57e90b05c,view,2024-06-04 00:00:00,/home
a545f963-5462-4ac7-958a-f9a0e585da79,click,2024-10-02 00:00:00,/contact
0f652fa7-0a8a-41d1-8dcc-8921ac7ccf7b,checkout,2024-10-15 00:00:00,/contact
9b69b4b8-51bb-4ee1-a95c-8f9e9392fe07,view,2024-05-05 00:00:00,/about
78a536a5-c026-4a60-a28f-feb021e74e00,checkout,2024-08-23 00:00:00,/contact
f3ad7bf2-a8df-49ac-9b83-bad9d4cfca47,checkout,2024-10-22 00:00:00,/products/smartphone
31811c96-ffef-488d-ad1e-8fa4700aab09,add_to_cart,2024-10-18 00:00:00,/contact
c8e46bfa-7704-43b5-b623-420b595f7bee,click,2024-10-08 00:00:00,/products/laptop
52d70cef-a974-4afe-b997-945372dc086a,add_to_cart,2024-10-30 00:00:00,/products/smartphone
ff74ca3e-7e1f-4d6e-bc6f-f54d65a5227c,click,2024-02-12 00:00:00,/products/smartphone
c040837a-3a2b-403c-aed8-497f704b20e6,click,2024-08-23 00:00:00,/contact
3101f64e-1dcd-44b8-ac68-1be06a0801dd,add_to_cart,2024-08-18 00:00:00,/home
4b0bf036-e31a-4075-aa57-b8b2fbb5c0b2,checkout,2024-04-24 00:00:00,/products/smartphone
85e6c536-bdb9-474a-ad91-a89c61bd8b72,add_to_cart,2024-02-29 00:00:00,/home
471381a0-7aea-43d2-9761-b3ea9dfaba7e,checkout,2024-10-26 00:00:00,/contact
c9aae2ac-bcde-48f5-9441-2415c67df086,view,2024-11-15 00:00:00,/contact
b92b6b3f-5376-4882-ad9e-1357bc5811f1,checkout,2024-10-18 00:00:00,/home
90ced41e-7606-41f9-bfb2-8fa455dde9b1,view,2024-03-20 00:00:00,/about
e2179228-c4f8-4f85-9867-c2936c686632,click,2024-05-31 00:00:00,/products/laptop
2aab567d-fafa-4d5a-9e01-f92845de2ad8,checkout,2024-01-26 00:00:00,/home
956f5b0a-05a7-4c1a-9cf7-5bf44a0db5c9,add_to_cart,2024-06-09 00:00:00,/contact
90c0222d-ae8f-487d-b379-efb4b7d47975,checkout,2024-11-23 00:00:00,/home
415db97f-68c5-4874-99f3-6e4283b2d187,checkout,2024-03-12 00:00:00,/products/smartphone
231089c6-6232-44f4-9a5b-50010736f92e,add_to_cart,2024-11-09 00:00:00,/contact
444c034c-93a1-43b6-af92-163aa97dcb31,view,2024-06-11 00:00:00,/home
706a9a27-7e86-4a74-830d-2ba5e6e0041e,click,2024-10-13 00:00:00,/home
a03b690d-15d4-43b4-af73-4ea7e9b2d5f3,view,2024-03-19 00:00:00,/products/smartphone
4cd7e183-d530-48ff-a7e7-f77ee5b30ec6,view,2024-10-16 00:00:00,/contact
cd2f962f-d58b-459b-adf3-feccbc48c4f8,checkout,2024-09-28 00:00:00,/home
3606f09f-dde8-4251-9486-1963dafa20c0,add_to_cart,2024-04-01 00:00:00,/products/smartphone
a798d48c-4ff2-4bd8-807c-7294e9b14f98,click,2024-09-01 00:00:00,/contact
50027f97-2816-462e-abce-8f97169f91fe,checkout,2024-02-08 00:00:00,/home
e7a98507-2911-4b1e-9510-6f47170e2c5c,checkout,2024-03-20 00:00:00,/products/smartphone
2a3e1034-6599-4fb8-b0e3-cab11613d0d3,checkout,2024-10-25 00:00:00,/products/laptop
710dfc82-fb91-49b8-90cb-cf515f0d0472,add_to_cart,2024-04-01 00:00:00,/about
64f0838c-49fd-4a16-bbeb-7503fa0ff281,view,2024-06-08 00:00:00,/contact
0a925ca2-9b8e-4564-a746-27cc6b194e4d,checkout,2024-10-29 00:00:00,/products/smartphone
ccb13ee5-3f59-42ae-badc-c3eb9a1ddd15,add_to_cart,2024-07-29 00:00:00,/products/smartphone
4028dce1-453c-470a-9442-5985bbd0a317,view,2024-04-08 00:00:00,/home
3cb1c56b-fdfd-4298-9acc-aa43316cd30c,checkout,2024-09-22 00:00:00,/products/laptop
68fce422-e560-4a1b-8ab4-56acd2b04d12,add_to_cart,2024-10-09 00:00:00,/home
bebcda4f-8d20-42f8-82c1-f4c9d6ca7a75,click,2024-08-08 00:00:00,/products/laptop
7e645971-482c-486b-a03f-41ed4e3634f4,checkout,2024-02-24 00:00:00,/contact
33c9a033-c36d-4e5d-8eb3-0b1607919096,click,2024-04-14 00:00:00,/home
c3b6e6bb-7eb7-4b9a-bee4-c56e2bc549d1,add_to_cart,2024-04-03 00:00:00,/products/laptop
e9c77f0c-2a01-43a9-a4ab-460358ba8a35,checkout,2024-09-20 00:00:00,/products/smartphone
4373bd48-1dd2-40c3-b70d-8af9101d25b9,view,2024-02-29 00:00:00,/contact
ab73c38e-688a-41c8-9bbd-33a1272fbcb8,click,2024-09-02 00:00:00,/products/laptop
7c8a6905-8669-430a-b959-dc5c0e0609e8,view,2024-08-01 00:00:00,/about
0a903a3d-1fc8-4122-b28a-6936a7f254f4,add_to_cart,2024-07-22 00:00:00,/contact
543481a3-da37-4c95-b8f0-27fc35994ce0,checkout,2024-10-09 00:00:00,/products/laptop
ca709a2c-4ba9-4d0a-847f-878db29b0345,add_to_cart,2024-10-03 00:00:00,/about
2b064d0c-80a0-40e7-8251-8da070fc0732,view,2024-02-28 00:00:00,/contact
129e1369-aec4-4874-8675-d953a78f9298,click,2024-08-02 00:00:00,/contact
deffcc17-0826-42e1-b339-9f3f756f07d7,click,2024-07-31 00:00:00,/home
d563f2f6-3709-4731-83f1-c6b0bdd241b0,add_to_cart,2024-04-28 00:00:00,/about
de8cedcc-9d57-446a-a069-a7d9af8893ca,add_to_cart,2024-03-22 00:00:00,/about
81ae4fe0-8a45-4ce7-9a7f-4f1f7e25bb32,click,2024-06-16 00:00:00,/contact
14bcc0b1-3fa9-41bc-ba13-c5fbda76b28c,checkout,2024-06-18 00:00:00,/products/smartphone
3d0ce251-9c5a-42ed-b8cf-8a066b508e95,click,2024-07-12 00:00:00,/products/smartphone
26c2e625-3881-424c-bbcf-d5556ffb338d,view,2024-07-12 00:00:00,/home
dcf14fca-b72b-45f9-9a44-78adc813f67c,view,2024-09-14 00:00:00,/about
86f1a59f-5fb2-4fff-8326-1390e0e0503f,view,2024-03-20 00:00:00,/about
2be7cc93-4e0c-40a2-a5c3-eecb20c3809a,click,2024-04-13 00:00:00,/about
10e6ee1b-96bb-4c6c-9cd9-6e9d17276c92,checkout,2024-01-31 00:00:00,/products/smartphone
5ffcb5b2-f7c5-4c67-ac43-fe7296cb11d1,click,2024-11-18 00:00:00,/about
276832bb-7702-40f8-a5ba-c3d70edd761b,view,2024-06-06 00:00:00,/home
a7b643c5-ef07-47b4-bf3b-dfd12a83a48b,checkout,2024-06-08 00:00:00,/about
e60fd482-43e5-444a-b094-a559c4ff92e7,add_to_cart,2024-06-23 00:00:00,/products/smartphone
4c1d6a73-0343-487e-b242-52da8bbcdce7,checkout,2024-10-05 00:00:00,/contact
93ea4fec-1a84-4c9e-b91a-67d5f90856cb,checkout,2024-02-29 00:00:00,/contact
973c1785-3191-44e5-8524-7bf799473e97,checkout,2024-09-07 00:00:00,/about
e76add26-2370-44fe-a776-b69cc385b014,add_to_cart,2024-05-09 00:00:00,/contact
8aec16e9-8f3f-4fcf-9939-c72d9a2d79bd,add_to_cart,2024-05-25 00:00:00,/contact
aae40c42-fb62-4246-aa16-c52245c58f6f,click,2024-11-18 00:00:00,/products/smartphone
493d26e9-fc8d-432f-82a4-8d703b774804,view,2024-04-30 00:00:00,/contact
f64ee741-8aeb-41b9-8701-0595cdfa332e,click,2024-03-29 00:00:00,/about
cb60dd90-649e-4b56-be35-5c9629424524,view,2024-07-18 00:00:00,/contact
5f6a25d3-1345-48c1-b0a9-a55e359e7491,click,2024-05-26 00:00:00,/products/smartphone
1d1e98f5-97f3-4944-9ffe-2054962ec55d,add_to_cart,2024-03-11 00:00:00,/home
627c035d-6a5b-4eb5-b1da-738826a543ee,checkout,2024-11-03 00:00:00,/about
2c638aa8-6e06-456d-9f1b-fc841a480dc0,add_to_cart,2024-08-25 00:00:00,/about
72e5e9ef-e70a-4d9d-bc5d-3f0b9ed9da52,click,2024-08-15 00:00:00,/products/smartphone
adf6f8aa-f1b6-448a-8480-194bae3a6829,view,2024-04-30 00:00:00,/home
8fa0cbcd-f4df-4a8b-8433-b791c0ef7667,view,2024-04-07 00:00:00,/products/laptop
5487e8f1-9bd1-4c20-b912-b3de861ef97b,click,2024-02-10 00:00:00,/products/smartphone
d045f963-b5f3-4080-a977-358f86503557,checkout,2024-01-18 00:00:00,/home
9adcdd3b-9db9-4662-a59f-468bfe28ff6f,view,2024-02-22 00:00:00,/home
fa0367b6-d732-4ff0-acd0-a198f716b49a,click,2024-11-22 00:00:00,/products/laptop
df66e335-955f-4709-88ef-4610272f08a7,add_to_cart,2024-06-18 00:00:00,/contact
be339593-6448-43f5-9ad4-301c7d3b15d4,click,2024-01-09 00:00:00,/products/laptop
8c8a97c4-1682-4d5f-bd4e-fc027f0abdf7,view,2024-09-03 00:00:00,/home
41dbeb1a-cddd-47c9-89cd-4ccb9de4573d,checkout,2024-04-19 00:00:00,/contact
67ac6c37-7124-4199-bbca-8dc92bfb046b,click,2024-08-08 00:00:00,/contact
7a6aef1d-5675-4f9e-8c7e-a928298b1e4d,checkout,2024-05-24 00:00:00,/products/smartphone
1a30d408-7f9a-4f57-adba-fd649b85af76,click,2024-09-27 00:00:00,/about
39d4550d-b16f-4e42-a194-c678a7ab5888,click,2024-07-20 00:00:00,/products/smartphone
f3045dd5-91a9-4855-8a7f-31eeab189c4e,checkout,2024-09-22 00:00:00,/home
dd0d1915-6ded-4e59-b588-63350be0ef0f,checkout,2024-07-15 00:00:00,/products/laptop
b0ff2880-dabe-4f09-93e3-cfaea206ad6d,view,2024-09-12 00:00:00,/home
26b76ef3-15c4-4b85-a24b-cdadc3c298bd,click,2024-05-23 00:00:00,/products/laptop
fa285e70-d4ba-45d9-a316-dca4770bc7bc,checkout,2024-09-11 00:00:00,/contact
f0ce49f4-b698-4ab4-964c-07d78ea39938,checkout,2024-07-16 00:00:00,/contact
cd94830b-5488-4290-80b0-27e302eccefd,click,2024-08-28 00:00:00,/contact
c0fa3c0f-c3e6-4206-b135-a75bac926d2a,add_to_cart,2024-07-02 00:00:00,/contact
ebf78a0e-4cf7-48c5-b5e9-cb20da348073,checkout,2024-05-19 00:00:00,/contact
6588e2b9-30fa-4a80-94c3-c1b34c14f3d0,add_to_cart,2024-06-16 00:00:00,/home
8827a98e-2556-44d9-85ca-c012f673843b,checkout,2024-03-13 00:00:00,/products/smartphone
c602b320-328b-42f2-b905-990ae72e72d8,add_to_cart,2024-09-24 00:00:00,/home
a94bacc0-2079-48d1-b58d-5da6465ba974,click,2024-07-02 00:00:00,/about
3d35d3e6-db40-429e-8dc5-94210e39ee7e,add_to_cart,2024-06-08 00:00:00,/home
f8033f7a-d4ec-4d48-8e25-00fa1d4de478,add_to_cart,2024-07-23 00:00:00,/contact
7c53559b-da49-48c4-980f-ff452cade95e,add_to_cart,2024-06-01 00:00:00,/contact
7776d6d1-f940-4d8e-8b1a-a7fe7c6c7269,add_to_cart,2024-09-15 00:00:00,/products/smartphone
8a59688d-1d91-49ca-9a11-a75cb9cafe4a,click,2024-10-20 00:00:00,/products/laptop
1d241e0a-b304-4a47-b8a7-e034a5756ebb,click,2024-07-07 00:00:00,/about
8350000c-02f5-4b87-8391-2124b07365bb,view,2024-08-26 00:00:00,/home
ac7f8a6f-9f04-4b94-ac8b-e7c164b57e33,click,2024-02-29 00:00:00,/contact
e6a9014a-c95c-48a7-b9bc-ecf89a914b8a,checkout,2024-01-18 00:00:00,/products/laptop
948ca981-bae8-43a0-87a9-6c678f223148,checkout,2024-04-22 00:00:00,/home
bc78c369-2e62-447d-a5f1-b385768be0ef,add_to_cart,2024-02-06 00:00:00,/contact
1206f482-eb38-484f-a5b4-8effb4f15d73,checkout,2024-08-05 00:00:00,/about
ee68908e-9bbf-4795-94ed-b91af6c071e8,checkout,2024-09-29 00:00:00,/about
1d2c337d-f0ba-4f1c-8015-1a23d81874c8,view,2024-02-23 00:00:00,/contact
eda8a1a5-26eb-4ae9-95d6-6af09ebe9e59,view,2024-04-23 00:00:00,/contact
970da057-c1a9-4da8-908c-34092fc42861,checkout,2024-09-05 00:00:00,/products/smartphone
831e0141-e38f-4d41-b861-5c4664fe0a0c,checkout,2024-11-15 00:00:00,/products/smartphone
a73549ff-2e8e-4f4e-8a47-8fba4ba01501,view,2024-11-20 00:00:00,/contact
9c1477d1-4248-4662-84fd-05f713e2413e,checkout,2024-11-11 00:00:00,/contact
8e6b9308-2702-4378-944c-4246c814d02e,add_to_cart,2024-08-10 00:00:00,/contact
f92a7c2d-5999-4802-baa8-a47d9db0afa9,add_to_cart,2024-08-18 00:00:00,/about
6bcaf99f-1e0a-4685-8675-cb1db2e27100,click,2024-11-12 00:00:00,/about
b64a550f-bd5c-4562-ab1c-ecf80e03376f,click,2024-05-11 00:00:00,/products/smartphone
effe7980-c65b-4d54-b60e-0f6779a41b8b,view,2024-03-23 00:00:00,/products/laptop
4b8fe760-a6fd-41bb-8315-27cec34d1202,view,2024-04-01 00:00:00,/products/smartphone
7918163d-4e6d-47cd-8270-82763aa6cb23,click,2024-08-24 00:00:00,/products/smartphone
1a699d50-c645-4db8-9629-c4854c427086,view,2024-02-04 00:00:00,/home
6425a6b7-4e91-43cf-8db0-c16ce895d73e,click,2024-07-07 00:00:00,/products/laptop
fccbb7be-1921-4136-9731-1d96975b80d1,click,2024-03-13 00:00:00,/products/laptop
942f29b9-35d9-499d-8df1-b2b602552548,checkout,2024-07-08 00:00:00,/about
feebc7f0-58c3-483d-9ea6-c8b820e7dd7a,click,2024-08-10 00:00:00,/contact
89355c3a-ed79-48dd-a33a-fdc056e929db,add_to_cart,2024-11-07 00:00:00,/home
0b376016-d623-4245-86ee-4c6fc4a3b934,view,2024-02-06 00:00:00,/home
f14a7ad4-28c4-4e21-805a-ecdd880e4b68,checkout,2024-08-14 00:00:00,/products/smartphone
6f00117d-e046-4ccd-ac02-34df5e0e2409,view,2024-11-13 00:00:00,/products/smartphone
a58b434e-4aee-4e85-b775-d1c0878e16ff,click,2024-04-14 00:00:00,/home
b3ef5935-a710-4010-b818-182f45f87a44,add_to_cart,2024-08-20 00:00:00,/home
32006784-b7ad-4d59-b10b-0f070422e110,view,2024-01-26 00:00:00,/products/smartphone
d6aed349-451b-4346-8149-d68ecce8f4c1,checkout,2024-04-30 00:00:00,/products/smartphone
1613cd28-6065-469d-a3d6-ec52a4f2d59b,click,2024-03-13 00:00:00,/products/smartphone
fb57dc0d-c8e2-4e34-92e2-61bc21e56e22,checkout,2024-03-09 00:00:00,/home
457e8669-0131-4b69-b9df-f0dc088d543c,checkout,2024-09-15 00:00:00,/products/laptop
81615f28-9442-4891-8081-a3c65352a1c0,view,2024-06-20 00:00:00,/contact
6b2ca21a-7ed5-4bb3-a8e4-bbd75dd053ea,checkout,2024-04-19 00:00:00,/products/smartphone
fd361371-4784-47a7-8ac7-2dce044cb17a,checkout,2024-07-20 00:00:00,/contact
e7d325db-bace-42d2-81ea-1bdf85680270,view,2024-06-05 00:00:00,/products/smartphone
ca3b6621-db9b-4ca0-8455-ba4241b34961,checkout,2024-10-10 00:00:00,/products/laptop
5ad9b346-1ba5-4565-bc14-dff4a54f5c70,add_to_cart,2024-11-11 00:00:00,/about
7e65ad8f-5612-496e-9e6e-6543ae691cdb,click,2024-04-17 00:00:00,/about
a6032226-8b7e-488b-9b45-f0a0dbe2a605,view,2024-11-23 00:00:00,/products/laptop
30a6d6ac-da45-4972-a1e1-755de79302e4,checkout,2024-02-25 00:00:00,/products/smartphone
997299ae-c896-445f-b7ef-6c72c91729ea,click,2024-03-24 00:00:00,/products/laptop
c8c5ab27-3d2c-4782-90ff-f88e3838d9f4,checkout,2024-08-16 00:00:00,/about
cebdc749-cb6a-400e-8ce7-7d8f175eeaa7,add_to_cart,2024-11-10 00:00:00,/home
008f8153-afe8-48f6-9b63-e9052dd21830,checkout,2024-07-24 00:00:00,/products/laptop
a3281f5f-a4bd-4daf-aedd-478322729fa9,click,2024-08-23 00:00:00,/home
a9088548-c91c-4842-aa4f-acaa176599b4,click,2024-10-15 00:00:00,/home
13b57ff5-eff7-4593-9b83-60c1c9e61f78,checkout,2024-08-27 00:00:00,/home
e812407e-3bab-411c-af1e-59c2a6be476d,view,2024-08-17 00:00:00,/products/smartphone
ed15e4b6-5205-478a-8a9d-56eba0339df4,view,2024-10-17 00:00:00,/products/laptop
382969d9-ec73-4338-8af4-af5dc5c84b18,click,2024-04-02 00:00:00,/about
0bc383d6-5920-4c6a-a577-cee5aee919d8,add_to_cart,2024-02-07 00:00:00,/products/smartphone
3e1dc467-862a-42c9-b8f4-ede926efea47,add_to_cart,2024-03-04 00:00:00,/products/smartphone
cabdc9eb-559e-49ef-ab98-c62e198b9b2d,click,2024-01-27 00:00:00,/products/laptop
321fb860-be4b-4453-8878-7ee833cd60bc,view,2024-07-30 00:00:00,/home
baa8e41b-ebfb-4ce5-a9fc-9b5dae4df14c,view,2024-06-20 00:00:00,/about
eb22cc23-9cfb-40cc-9dfb-d6918caff1d8,click,2024-10-20 00:00:00,/about
a27122df-788a-4970-946b-fab8a19adc94,add_to_cart,2024-04-23 00:00:00,/products/laptop
7e8bdafb-1162-46e6-810a-68c9f9e11233,checkout,2024-01-27 00:00:00,/products/smartphone
3f6a65e0-4c45-4bfc-b0bb-c5e2a7f90b15,view,2024-07-24 00:00:00,/contact
eb41e187-d049-4a69-a186-6eed3dec208c,view,2024-01-07 00:00:00,/products/laptop
5c32dacc-f0c8-4d10-ada0-cf495d93e3ab,checkout,2024-09-06 00:00:00,/products/smartphone
213c18e2-5d25-44b0-bbc2-982469e67955,click,2024-10-31 00:00:00,/products/laptop
735d01fe-9bda-4f83-a10e-436884f54b7c,view,2024-09-17 00:00:00,/about
6cfb4618-d03c-49e9-8cc5-7834cc858a3e,add_to_cart,2024-07-11 00:00:00,/home
2a31a7ba-84ad-46f7-810d-6687d7e346d5,checkout,2024-11-10 00:00:00,/products/laptop
d8c48cae-f036-408d-91cc-44d51df581e6,click,2024-10-10 00:00:00,/contact
c9f60dc3-c3a2-4126-aed2-05ca03c4c8a3,add_to_cart,2024-08-27 00:00:00,/products/smartphone
6432833d-a3ac-4761-8e00-a952417e8b55,click,2024-01-20 00:00:00,/contact
c0f2869a-4bbb-4f30-a361-0ede1580c186,view,2024-04-17 00:00:00,/products/smartphone
1285dfbb-013d-4506-86a3-ea9e205bbdd0,add_to_cart,2024-06-26 00:00:00,/about
583dbb9b-a5d6-482b-9700-204013805bf8,checkout,2024-08-09 00:00:00,/products/laptop
9b7d7929-8d7f-4b31-982d-151ace239de8,checkout,2024-07-11 00:00:00,/about
57ce6f82-d4e1-4a61-822b-7d0daf5d92a7,checkout,2024-08-12 00:00:00,/about
7fdff276-19d5-4a15-a8fc-0ccaff8842e8,click,2024-08-02 00:00:00,/products/smartphone
978272c3-30da-4f7c-a68c-c6d9e717fcdc,click,2024-10-23 00:00:00,/products/smartphone
92f33f53-3c3b-49ae-b081-171533392003,checkout,2024-05-18 00:00:00,/contact
188f51e4-8d67-4258-85da-19cafd54d479,click,2024-04-22 00:00:00,/about
2f813695-4bdd-4438-8ba2-8d8321bee0d8,add_to_cart,2024-09-09 00:00:00,/about
0a09e010-68fc-48c6-abf7-b89f70c2063c,add_to_cart,2024-03-05 00:00:00,/products/smartphone
1c21a301-bf31-4766-bf07-da44571abb39,checkout,2024-02-13 00:00:00,/about
32799fd4-c82a-4366-87c9-a0f9124487df,view,2024-10-20 00:00:00,/home
f90c2762-94d9-43a4-96c1-39e414e0e80e,add_to_cart,2024-07-06 00:00:00,/products/laptop
209ee737-c72d-4c88-a729-38198cdbdf29,checkout,2024-03-30 00:00:00,/home
f739963e-8c86-4a04-b776-10eb76872cc7,checkout,2024-01-27 00:00:00,/about
4668b39c-175a-477a-976f-e60e2d37ea55,view,2024-08-18 00:00:00,/products/smartphone
eba0292d-9b13-42d4-8c83-3bdfefaeb485,add_to_cart,2024-03-21 00:00:00,/products/smartphone
05702b99-0fb6-4da9-b2a2-2db337ac0b80,click,2024-04-14 00:00:00,/products/laptop
552e7460-b55d-4595-b9da-67a4a496e987,click,2024-11-13 00:00:00,/products/laptop
ca1823b5-c36b-400c-be6a-a10d8860f744,checkout,2024-01-26 00:00:00,/contact
a5b72362-9418-4282-81ba-6df294daf12a,view,2024-03-02 00:00:00,/products/smartphone
c4b55585-00fa-4a30-8209-a685555a2c67,checkout,2024-10-08 00:00:00,/contact
162a702d-b919-46b8-8627-e429881500df,add_to_cart,2024-01-07 00:00:00,/products/laptop
1869adb0-ead1-47cc-8231-c2791c031700,click,2024-08-13 00:00:00,/products/laptop
4b1e4f3c-8a75-47aa-92a5-75b510aa9f24,checkout,2024-05-09 00:00:00,/products/smartphone
4953110a-33b4-4a93-a22d-226948b2d5be,click,2024-05-26 00:00:00,/products/laptop
79326d1f-1051-45ca-ab21-c2dd616120b9,view,2024-01-22 00:00:00,/contact
f8cfb99f-a562-47e4-8fa8-2f68d69ae2f6,click,2024-03-27 00:00:00,/home
3bc51eba-d4b4-4afe-88f2-6290cf051ce8,click,2024-10-08 00:00:00,/products/laptop
bc95fe7e-7cfa-4e9f-9294-c20d80542e7a,click,2024-04-25 00:00:00,/home
7e3f9e46-a3a8-4c2b-a519-d3a2b8a5bd54,add_to_cart,2024-01-18 00:00:00,/products/smartphone
8ed3e3f4-2c59-4fce-8c7f-0100a60e5150,add_to_cart,2024-04-01 00:00:00,/products/smartphone
c58f67ce-cc9d-4a71-900b-55d595462adf,click,2024-06-20 00:00:00,/home
f6656a29-f425-4eee-a99f-bfb6b07d4014,checkout,2024-06-08 00:00:00,/products/smartphone
d235e6d8-7b08-4aef-929c-9e95853a80d4,checkout,2024-01-29 00:00:00,/products/smartphone
2eefa4a2-658a-4b54-a43e-69c1f9c3e20e,view,2024-03-19 00:00:00,/products/laptop
459c324a-6e21-4133-9c87-349624db90fd,view,2024-08-02 00:00:00,/home
42109893-8721-40f5-9702-3d0799bf41b3,click,2024-09-12 00:00:00,/about
c8da3dc8-068d-4357-a8bc-720f1efbb20a,checkout,2024-06-22 00:00:00,/contact
a6ce159f-1831-491b-ac40-e42fdd0e2256,view,2024-01-26 00:00:00,/home
8aa184cc-df9c-4c1b-a3e7-7f8f15d77782,checkout,2024-02-05 00:00:00,/products/smartphone
15597620-9d00-41a8-893f-1e20606d1680,checkout,2024-07-26 00:00:00,/contact
1293559c-426f-4539-b2ed-dfa38eb28f3d,add_to_cart,2024-11-23 00:00:00,/products/laptop
6ae347d5-9a6b-4d70-a1d5-5a6327af987b,checkout,2024-08-13 00:00:00,/products/laptop
889b57e7-4838-445b-bf53-120fca05bc56,view,2024-04-10 00:00:00,/home
410bce95-88c3-4d01-960c-40880a750228,view,2024-04-05 00:00:00,/products/smartphone
459cd1a4-aa13-4eff-a7eb-fa26b2d61848,add_to_cart,2024-11-20 00:00:00,/home
6479f7ea-f333-42a1-b0b4-457cfdd6482c,click,2024-03-11 00:00:00,/home
43e602d0-903e-4a07-b664-10310e4ad81b,view,2024-09-23 00:00:00,/products/laptop
7131bd6b-04ab-4a9d-98fe-95b167a1f916,click,2024-02-25 00:00:00,/about
d897e5b4-e2fd-49b2-9476-b092362b5dd0,view,2024-07-27 00:00:00,/products/smartphone
a7bdacf9-2dd3-463b-879a-591953c15c23,add_to_cart,2024-01-05 00:00:00,/products/laptop
a2813979-7558-46a9-a97b-fd44603750df,click,2024-04-01 00:00:00,/contact
fa2a8e4a-1e81-4f7f-ac71-8e4cb2cf5703,click,2024-05-28 00:00:00,/contact
32a64481-9027-4b69-9956-d14af176176a,view,2024-10-05 00:00:00,/products/smartphone
51614631-53ad-4cd5-abdd-e8fb38c60c2d,checkout,2024-03-19 00:00:00,/products/laptop
75f85995-5641-4116-abcd-20975e9dd0d6,add_to_cart,2024-06-27 00:00:00,/products/laptop
bf36f0ee-6454-4ae5-a68a-4a350a95c297,add_to_cart,2024-01-05 00:00:00,/products/laptop
48cf773d-3887-4979-b496-25cf1dcbe588,checkout,2024-09-29 00:00:00,/about
7a22bca6-747c-40e8-a05a-81872a03b280,view,2024-05-15 00:00:00,/products/laptop
a2dd4720-3f34-410d-978e-14f7c9a419d4,add_to_cart,2024-09-08 00:00:00,/products/laptop
3475bc99-82ed-4ada-88f4-56d54eb2d4f2,add_to_cart,2024-05-24 00:00:00,/home
eafc4c8e-1f1e-4484-a250-0ca3ab04bdb3,view,2024-08-08 00:00:00,/about
56239526-c4d9-4f3e-af12-f6b15288a09a,view,2024-01-11 00:00:00,/products/smartphone
59215ca7-5615-43ba-acab-4df21e56514b,view,2024-01-21 00:00:00,/products/laptop
67a69837-9102-40be-9af1-84d2aa95d9b2,click,2024-06-14 00:00:00,/products/smartphone
72463479-dc6b-44e9-bf17-b696ee7c1e09,checkout,2024-02-11 00:00:00,/home
abe00bc4-e192-445e-be76-90f648b7ddf2,view,2024-11-05 00:00:00,/products/laptop
8dec5bcd-77b4-4273-8b0b-7ca06732dc1e,add_to_cart,2024-07-22 00:00:00,/home
d109d068-1376-4603-9733-aa2d01214ec5,click,2024-03-23 00:00:00,/products/smartphone
c01d8888-a763-4ce2-801c-b8bb18c12ac5,view,2024-01-23 00:00:00,/products/laptop
6e94514a-b91d-470f-bf59-f9beda81cf49,add_to_cart,2024-03-26 00:00:00,/products/smartphone
926705f6-0afd-4928-82d3-7a6ceb0f8d9d,click,2024-03-22 00:00:00,/about
69a68ff1-8a1d-41cd-a6a2-a3b466b8ae18,add_to_cart,2024-01-21 00:00:00,/products/laptop
0a6c70d2-e1cb-4214-b351-215e71eb1556,view,2024-01-31 00:00:00,/home
100d5dae-d3e8-4add-ad8e-cde32ed23ebe,click,2024-06-26 00:00:00,/products/smartphone
f6d95053-5cdf-41c2-a9b6-89f41a5584ad,view,2024-02-24 00:00:00,/about
7517f231-f84e-4485-a921-f1354e43bb3d,checkout,2024-10-31 00:00:00,/products/smartphone
0a571e1d-6542-438c-83f6-76ce98c1c3e8,view,2024-01-21 00:00:00,/products/laptop
16486ae6-bee0-4244-a8f1-83dd1c4e9066,add_to_cart,2024-06-20 00:00:00,/products/smartphone
c118d9ae-56e2-46cc-aad2-7354b9760219,click,2024-05-22 00:00:00,/home
5ab49557-60b8-4986-b073-414148030e0f,add_to_cart,2024-10-20 00:00:00,/products/smartphone
b0c2ccd0-94db-4403-a41a-3d28c3c2c020,click,2024-09-05 00:00:00,/products/smartphone
21e44ec2-6740-4177-bf26-04f44f5bddfb,add_to_cart,2024-05-10 00:00:00,/products/smartphone
3c2596e1-b9f4-4997-9f91-ce8db21434e0,click,2024-07-31 00:00:00,/contact
afe06f61-69ee-48d5-aa56-6c207c83d1ad,view,2024-06-01 00:00:00,/about
401e5cd6-f4e2-42e1-9b7c-9cff3b133f86,click,2024-05-21 00:00:00,/about
7f6fb313-dac3-4e7c-b3d6-8906c338c524,click,2024-02-02 00:00:00,/products/laptop
792c5a2e-9259-44b4-8e42-f73db7b25ed1,click,2024-07-12 00:00:00,/home
b34f0cfb-8760-489f-87da-9374309ba981,checkout,2024-01-20 00:00:00,/home
7f4b653f-12c8-46de-85e1-05fe04c0ba54,view,2024-03-30 00:00:00,/contact
190c78c9-c8df-425f-9c38-20f8e719fe8e,add_to_cart,2024-04-05 00:00:00,/products/smartphone
014aab9a-0ad0-4939-9163-f7e7a5b62fbe,checkout,2024-02-13 00:00:00,/products/smartphone
a77ef6e5-4402-4af4-bca4-0221bf0b6028,click,2024-04-04 00:00:00,/products/smartphone
e76b1fb6-97a8-4c23-869c-db95c538fc25,view,2024-03-17 00:00:00,/products/laptop
072e66f5-f8ad-47e8-8eff-8d179ce5cbb7,add_to_cart,2024-10-27 00:00:00,/home
9cebe68e-8a78-4686-a039-1aea6de24df8,checkout,2024-05-14 00:00:00,/products/smartphone
e698e5b3-ca09-4331-ac89-9a66e71ff503,view,2024-07-12 00:00:00,/products/laptop
1f932ff1-777b-455a-bd61-b6ebe7700943,click,2024-07-30 00:00:00,/about
430c04e3-3295-4373-9221-5d4e39cc3db0,add_to_cart,2024-02-03 00:00:00,/about
16a14403-4bd9-4c48-b19f-b164b7df2013,checkout,2024-02-21 00:00:00,/products/smartphone
80beae2c-27b8-4e56-aa66-50bf8abced65,add_to_cart,2024-05-21 00:00:00,/products/smartphone
4b3109e6-a886-4196-be99-86dc1af5198c,view,2024-06-25 00:00:00,/products/smartphone
a33e4726-cb06-41cc-8a20-8d194b97cf41,view,2024-08-25 00:00:00,/about
b073f2e2-74e5-4995-9c4a-934c9526d948,click,2024-11-23 00:00:00,/home
e3904cd2-ffe1-4d0e-ad33-ff10995116b6,checkout,2024-03-27 00:00:00,/about
30aa088a-c2a2-4f2c-aac0-d099da9e6044,add_to_cart,2024-03-22 00:00:00,/products/laptop
3178528d-40f7-4026-ad97-af1ee34ab579,click,2024-09-04 00:00:00,/products/smartphone
6e9a6b63-0160-4e57-bda3-246265d04abb,view,2024-10-10 00:00:00,/contact
5f165b9f-2f02-4737-a22f-5dafa9f62261,add_to_cart,2024-03-25 00:00:00,/about
9a85e841-37fd-48a7-bcc7-92bf5f84b5e3,view,2024-10-09 00:00:00,/contact
21d94863-8c10-4cbf-bb16-e54f1a676892,click,2024-01-02 00:00:00,/contact
d302dac0-febb-4e1d-badb-fb3ed47237e3,checkout,2024-09-10 00:00:00,/home
8bb06978-67da-40db-9f2d-b1993902f438,checkout,2024-09-17 00:00:00,/home
9bea4c67-8f66-4931-8d0d-696399a42e72,view,2024-06-25 00:00:00,/contact
5be0c97c-2fd4-48ed-b1fa-1f5e5dbd6c57,checkout,2024-08-03 00:00:00,/contact
c76c1b45-54cb-4d6a-bd6a-ca4ff391c9fd,add_to_cart,2024-11-25 00:00:00,/products/laptop
8a66ddad-8426-48bc-ab34-d1506b09770a,add_to_cart,2024-07-14 00:00:00,/products/laptop
818b5069-4992-4274-a622-d72ec7ae2b10,add_to_cart,2024-02-29 00:00:00,/products/laptop
072c644d-9d7e-416f-a68c-305d9ace320d,click,2024-08-01 00:00:00,/about
f1262d8b-bf33-478e-8fee-64c6e82352d0,add_to_cart,2024-01-09 00:00:00,/contact
dd238671-a67f-4b06-90a7-07e555349774,checkout,2024-11-05 00:00:00,/products/laptop
073d7232-10e5-40cd-959f-1b25c0055c48,view,2024-04-20 00:00:00,/home
220f3155-902f-4182-828e-7fe678a43a17,checkout,2024-03-26 00:00:00,/about
261b0878-571e-4dd1-b840-3e42910ef5ad,view,2024-11-22 00:00:00,/home
638a44a6-2982-49b5-8055-ac5e6034a274,add_to_cart,2024-07-18 00:00:00,/contact
b15fb57e-5cc0-4046-94aa-acf7d446be25,click,2024-07-07 00:00:00,/products/smartphone
fd1025ff-2db6-4359-8606-c27a82df6e0f,click,2024-11-01 00:00:00,/products/laptop
ccbe725e-4dad-4ef2-b297-d1921ea6e6a1,checkout,2024-06-19 00:00:00,/products/smartphone
efe23764-f8f7-41d1-8f70-a50bb754afd2,view,2024-09-10 00:00:00,/home
30e14187-7780-4e08-b195-f2879fdc3502,view,2024-09-10 00:00:00,/home
472e5896-3f88-4a0e-b88b-bac1ac0a30cb,view,2024-10-07 00:00:00,/about
734d11f8-20d9-46bf-bd2b-e0e3114cd737,click,2024-04-07 00:00:00,/home
b04bb449-db9f-48fd-92c7-28ab51222cfd,click,2024-02-02 00:00:00,/products/smartphone
d793b982-d974-474d-8f8c-5ddbd3b6ea7b,view,2024-05-22 00:00:00,/home
3fad4a90-17d6-4c89-8109-079d18632b93,view,2024-09-29 00:00:00,/contact
0b34098b-bfed-45f8-9ddd-f3915f91437c,click,2024-06-15 00:00:00,/home
40dd5db8-0b12-413c-a7d6-7e101f6ad8b4,click,2024-06-10 00:00:00,/home
297c6d3d-9809-4e8a-85d3-c1d54e203a5b,click,2024-05-03 00:00:00,/home
8456d32b-94e8-4dbc-9990-7547000fae8b,add_to_cart,2024-09-11 00:00:00,/home
9d664638-3f79-496b-b14f-0b3043375dac,click,2024-04-18 00:00:00,/about
01958fdb-8549-4f70-9b3c-8d55e4d55e4e,checkout,2024-09-21 00:00:00,/home
e47e0236-8076-41d5-8019-25992c915e23,add_to_cart,2024-05-12 00:00:00,/products/laptop
30d4e804-af7c-48ff-8696-3918e9eb0130,checkout,2024-04-08 00:00:00,/about
b3a37642-f3d3-4266-8863-4d62cc79c245,add_to_cart,2024-10-24 00:00:00,/contact
4ef48c4c-6516-46e4-bfe0-a1deaadb393a,checkout,2024-10-20 00:00:00,/about
28956fb0-1047-4048-8daf-c73578765dd2,click,2024-02-18 00:00:00,/products/smartphone
d7acc0b5-fc7b-41fb-b87a-8ad5c90f3ea5,view,2024-06-19 00:00:00,/home
26011e8b-fa78-4ade-b753-43af218067c3,view,2024-07-11 00:00:00,/products/smartphone
e7f3833e-3014-43f2-9568-6c70d2c75037,click,2024-10-22 00:00:00,/about
d36990e0-ba9c-4006-98f1-dc3b5aa35fce,click,2024-02-21 00:00:00,/home
dcae15d2-141c-41a0-8ae8-9de15f71e966,click,2024-04-19 00:00:00,/contact
09650ff6-ee89-406b-b86c-9ebe019af9db,checkout,2024-10-08 00:00:00,/home
97cc4d0e-779e-4e79-acd9-c57cf3543fb2,click,2024-06-07 00:00:00,/products/laptop
3494983a-4ebb-44b8-89b4-a3f3a30f1398,checkout,2024-06-29 00:00:00,/contact
7b1c9c75-78dd-4608-869b-a23db0913b4f,click,2024-08-18 00:00:00,/contact
a87d3a8f-2de7-47de-9f79-77f1abf48e1f,view,2024-07-18 00:00:00,/home
259a533c-d436-4da2-b2c6-5e67f00f761c,checkout,2024-08-20 00:00:00,/home
7091b46a-0578-49c1-b905-d4faeba84398,checkout,2024-10-20 00:00:00,/products/laptop
b9b93f40-f893-4e69-be51-51db1bef0878,view,2024-05-08 00:00:00,/about
3f253eb2-5a2e-4a8a-af8c-fcd43a7294ec,click,2024-07-06 00:00:00,/products/smartphone
654e39a2-cd7e-4dd8-8939-a23f1f3e3481,click,2024-05-31 00:00:00,/about
8001c3d5-5632-423c-b3e9-4b40d3f93059,view,2024-11-24 00:00:00,/products/laptop
01d63145-9172-408f-bddb-a79835f681be,view,2024-11-02 00:00:00,/home
17b57d87-584e-4d31-9140-4c46b4e0d96f,add_to_cart,2024-05-09 00:00:00,/about
ef15668d-483b-4177-8e45-339c1654f41a,click,2024-02-02 00:00:00,/home
0be7c72d-b0c4-4a18-8755-286455eacf96,view,2024-02-27 00:00:00,/about
5800338e-adb5-4b6f-9ca1-9fc0055ebc7a,checkout,2024-11-11 00:00:00,/home
ce01b014-689d-4e66-a868-0a643ef39b7b,view,2024-05-15 00:00:00,/products/laptop
cb475081-34b7-4456-8273-b7c6b20d9d9e,add_to_cart,2024-05-06 00:00:00,/products/laptop
a897c045-b74b-49c4-84a7-efd0e85645d5,add_to_cart,2024-07-21 00:00:00,/about
fbe532de-2621-4904-851f-d089ec99dd00,view,2024-04-14 00:00:00,/about
3be9e36e-f39d-4413-85c1-022fc1442491,view,2024-05-02 00:00:00,/about
47c939a5-ce59-4c78-9eb0-b23f038d5dc5,click,2024-04-12 00:00:00,/contact
5788b8fc-08ee-41b3-bd37-c61a88c4b789,add_to_cart,2024-09-21 00:00:00,/home
dd7046b3-c27b-44ef-9831-9c1967dd606f,add_to_cart,2024-02-11 00:00:00,/products/laptop
183f6a47-929e-4ab2-ab28-da49808ba4a6,view,2024-11-22 00:00:00,/products/smartphone
7d28f7f0-3a8e-4718-afbe-024c54f1fb58,add_to_cart,2024-06-20 00:00:00,/about
0867952d-1c50-4f11-907f-76197e0a0bed,checkout,2024-03-13 00:00:00,/products/laptop
ac54510f-1037-4b6c-9d61-fae0deec2228,add_to_cart,2024-08-15 00:00:00,/contact
383bf18c-2e21-4f13-9f0b-5d794c4e1b00,add_to_cart,2024-08-25 00:00:00,/products/laptop
1844d773-047f-4add-a13b-8eec2c21834b,view,2024-03-16 00:00:00,/products/laptop
2a0b374f-8bad-434c-bb52-2d61605c78b4,checkout,2024-04-26 00:00:00,/about
2c9f7629-e2cf-4df8-a0ce-d925489a20b0,click,2024-09-09 00:00:00,/about
fc3c6e03-681b-4367-bf0c-4a691bf3731b,add_to_cart,2024-02-27 00:00:00,/home
5c9aee90-bc3d-4265-9d98-cc1eda538cf8,click,2024-09-21 00:00:00,/contact
3c4a756d-a8e8-4541-86a0-a8322e9f664b,click,2024-06-04 00:00:00,/contact
c10cef53-9de2-476e-8af7-28d9a764282d,view,2024-04-25 00:00:00,/about
9507b5a9-f069-4cd4-801e-e5d3651b6fb5,click,2024-03-05 00:00:00,/about
5ca7b2ec-26fd-4803-aa3a-3efedae14ab0,add_to_cart,2024-07-24 00:00:00,/products/laptop
fb6c5d80-9f4b-4d1c-ba76-66f8c5f8eccb,add_to_cart,2024-09-19 00:00:00,/products/laptop
9bcac143-917e-4f8f-beeb-a40bc4611c22,view,2024-04-25 00:00:00,/home
92435182-eb94-41c1-ab48-d81ca5933ea5,view,2024-11-13 00:00:00,/about
6140fd41-84ac-4ec4-b2a9-ecbfeba6c8b3,click,2024-02-29 00:00:00,/products/smartphone
f66e05d2-456b-45fc-9905-7f99d9f0c590,view,2024-03-27 00:00:00,/products/smartphone
097570ad-e47e-4c80-8476-cccf9630d468,click,2024-03-05 00:00:00,/products/smartphone
18642440-2831-42ef-a033-a415daf68550,view,2024-06-29 00:00:00,/products/laptop
0eab5885-4bf8-40cd-bf3d-4778559ed0e5,click,2024-11-03 00:00:00,/about
cd6551e7-a78e-47e7-9147-09bdc22b536d,click,2024-02-11 00:00:00,/products/smartphone
490147d9-5804-48ef-a5ed-4694db4394bc,click,2024-09-13 00:00:00,/contact
e6f30328-bcf9-4131-a485-fdd403533255,view,2024-09-03 00:00:00,/contact
a7eac3fc-a1bd-4215-8032-90c6e5b61021,checkout,2024-07-08 00:00:00,/products/smartphone
02b9d62c-d3e3-4dd8-9ef7-4c9446b6d1a2,add_to_cart,2024-07-20 00:00:00,/products/laptop
b2456beb-8993-4d3c-b536-045f0e36f6e3,checkout,2024-06-21 00:00:00,/home
beb61265-e3cf-4532-a1c8-01cdd5609aa8,add_to_cart,2024-04-27 00:00:00,/about
f0bea9ca-5ea5-45e6-bfc2-856785498d29,add_to_cart,2024-02-06 00:00:00,/about
940d1b14-f544-4e99-baae-97b863dd45fd,checkout,2024-05-10 00:00:00,/home
06e43bf0-c5fd-49d2-9102-70b4c2fa4125,view,2024-10-19 00:00:00,/products/laptop
8a10e472-94f6-48eb-9d10-500427f87de1,view,2024-11-08 00:00:00,/products/smartphone
c276e7eb-1470-4ea0-938c-f09486331f6c,checkout,2024-04-20 00:00:00,/home
c09da640-cd93-41e9-bd6f-396d6a1499c7,view,2024-02-19 00:00:00,/contact
4022e204-c403-42fe-b2f6-1f9e5010b223,add_to_cart,2024-03-23 00:00:00,/about
e801aa0a-a474-4d21-a292-c8a2d3b3d5f7,view,2024-01-06 00:00:00,/contact
23234d06-d3b2-42e7-a0b2-0aafb6bf7428,checkout,2024-06-03 00:00:00,/about
5016aeed-5f77-44e5-95cb-f082c207b20c,checkout,2024-04-15 00:00:00,/contact
4d24403a-a9c9-4782-aa67-ad761bff0a19,checkout,2024-02-18 00:00:00,/products/laptop
c8dd6142-02c3-45cd-97c9-e9ee9a9ac664,click,2024-06-20 00:00:00,/contact
05879321-cea3-4978-bbce-210df39b36f7,click,2024-03-15 00:00:00,/about
3846170f-a979-45d2-88a7-2e8f11080ea0,checkout,2024-07-19 00:00:00,/contact
b0411cda-7c28-45e3-972e-4ecc3dd10d0f,click,2024-11-06 00:00:00,/home
7cf8549e-fe55-47de-a356-915eab4206af,view,2024-02-16 00:00:00,/products/laptop
cfc5a3c2-431b-4f52-aec4-2229c0dc04e6,view,2024-10-10 00:00:00,/about
c5630f75-dba6-4a69-9a4e-6bfa6dd6080c,view,2024-07-24 00:00:00,/home
c944661a-0af2-4d00-9b91-d1df55a1a76f,click,2024-08-22 00:00:00,/home
d2b5beae-45b6-463a-8a0c-4410ebd2edb0,view,2024-09-18 00:00:00,/products/laptop
c36f3748-feb6-4128-a4f6-296eea823d6b,click,2024-06-04 00:00:00,/contact
071e8cc2-f2a4-48ff-b72e-8a7fde84809d,add_to_cart,2024-04-13 00:00:00,/products/laptop
7dbf9945-ff5f-4379-827a-7ba635f67fef,view,2024-01-22 00:00:00,/home
4d8bf1fb-a903-412d-96a4-7ba52a8d8326,view,2024-06-04 00:00:00,/about
38f1162d-4903-4f9a-a722-56b21d2c9f56,add_to_cart,2024-01-15 00:00:00,/about
5b4ee402-83c9-447d-8d2e-cb1def053de8,add_to_cart,2024-01-13 00:00:00,/products/laptop
1e450fe8-f739-4c0b-b877-3da1b37ec9f7,add_to_cart,2024-01-01 00:00:00,/about
98a73806-9122-45b0-be3c-d4ecbaa9e429,checkout,2024-06-05 00:00:00,/products/laptop
b84370cd-86ac-455c-9339-72eebb1c40f7,add_to_cart,2024-10-05 00:00:00,/products/smartphone
159a062c-7463-445e-985e-fa49d6bb4646,click,2024-01-05 00:00:00,/contact
5fb603f4-90b3-4eed-8d82-a7ecb1b88668,view,2024-03-20 00:00:00,/contact
85b5fb81-7f06-4663-b3e8-adfa95d74244,view,2024-08-13 00:00:00,/home
ed6687e5-3545-456c-8292-188eff48e2b0,view,2024-07-09 00:00:00,/products/smartphone
e22b38e0-7846-4e7f-8bc8-d53c62ca3212,view,2024-05-22 00:00:00,/about
2c1e66b9-7ce7-4e0b-89e1-59bc39d35891,view,2024-04-26 00:00:00,/contact
2a2791d7-d5ff-4297-a4f8-d0960358980c,checkout,2024-04-19 00:00:00,/contact
164af2dc-a550-4929-9d09-98af43f39615,checkout,2024-06-19 00:00:00,/about
733ec07d-f1c7-4fc1-a9e1-93fdcf2e372d,add_to_cart,2024-11-14 00:00:00,/products/laptop
259c75d0-02ff-448c-b10d-ce86f5dd23f8,click,2024-02-12 00:00:00,/home
26a240d5-393e-48a8-9c6a-b781f5d17716,add_to_cart,2024-03-24 00:00:00,/contact
7bad062f-7379-4cc8-921b-53ba8bc26f49,view,2024-07-21 00:00:00,/about
b3cdf439-fd2a-4921-a26d-bda9ca718ad3,click,2024-08-17 00:00:00,/home
f82f871a-1338-4de0-9041-937579f72e5d,view,2024-09-21 00:00:00,/products/smartphone
b7a9117b-ddae-44d9-9d23-3345ff80caeb,view,2024-01-01 00:00:00,/products/smartphone
23fa9de6-095e-43e3-a6a5-a08e906d71ab,click,2024-06-22 00:00:00,/about
1168f888-9776-425d-b0eb-566a56b80a07,click,2024-11-14 00:00:00,/products/smartphone
47d6528d-fa88-4443-b434-253485d8b419,checkout,2024-11-04 00:00:00,/contact
ca7e2ca6-9ad9-4252-8ed4-57e41233a7c8,add_to_cart,2024-08-16 00:00:00,/contact
676e96a5-c798-4a3d-af23-d94a2a81d95a,add_to_cart,2024-08-01 00:00:00,/about
a1e4a0ae-449a-4987-b718-9ae26a45ff07,click,2024-01-28 00:00:00,/products/smartphone
f1f30d89-fd7c-4023-83dc-39b4ba5bef4c,checkout,2024-01-20 00:00:00,/products/laptop
e2618479-1b97-40ec-8a98-ddc7ed07b3bc,view,2024-05-01 00:00:00,/products/laptop
1a6b491b-a890-43d0-87a5-f20687309d6e,checkout,2024-02-27 00:00:00,/products/laptop
72dda055-bc58-4eb0-b9ed-703b674e705e,click,2024-05-21 00:00:00,/home
9a9a02e2-9b88-4e41-8cad-18291845aa84,view,2024-03-10 00:00:00,/home
80f4298a-9269-46ff-839e-c3f4d2b3f812,add_to_cart,2024-08-11 00:00:00,/products/laptop
66c224fc-ffc8-475d-9bad-e989b917fd95,view,2024-06-24 00:00:00,/about
7deaa553-d401-4fed-9b5d-800f89475816,add_to_cart,2024-01-28 00:00:00,/home
22d0db5d-38f2-48b8-b9f9-c4d4690269bd,add_to_cart,2024-09-10 00:00:00,/contact
85d78bea-444f-4d22-9b09-0cd4eb1a4e60,view,2024-01-08 00:00:00,/products/smartphone
3c88ed17-722b-43d1-910b-566ff24d7e9a,add_to_cart,2024-03-21 00:00:00,/contact
14739ec1-af96-4dd6-8439-c0f29e3caede,view,2024-11-21 00:00:00,/products/laptop
3c80ac90-3d09-4682-b1c1-e24a218347a4,view,2024-10-16 00:00:00,/about
ba622faa-7b59-4dfb-8334-7953a4d9c8eb,click,2024-01-28 00:00:00,/products/laptop
72f3e3b2-ec4a-4886-8e07-7af10344822b,checkout,2024-05-27 00:00:00,/products/smartphone
6e9254db-e6d1-4071-8948-a0febfb82415,add_to_cart,2024-03-20 00:00:00,/products/laptop
4b7fc78e-13ad-4c38-9b3e-3ab9817b820a,checkout,2024-10-15 00:00:00,/home
848344aa-fa10-4c4d-bda2-b1074fb83f46,checkout,2024-01-30 00:00:00,/products/laptop
1922759a-c316-44bd-ab1e-a87b43c0ee18,add_to_cart,2024-04-06 00:00:00,/about
ab10c388-fddb-4de3-90c9-5752cab2add9,checkout,2024-04-22 00:00:00,/about
7ea8374b-f850-4832-8bf3-26ce964b7196,checkout,2024-08-08 00:00:00,/contact
7fa6b7e6-fc4f-49fa-8faf-aaffd07d1fbe,add_to_cart,2024-04-21 00:00:00,/products/laptop
77ec50f8-a43a-4012-870f-93cf76fd4872,click,2024-08-23 00:00:00,/products/smartphone
2ebdc573-571b-48de-b730-3be0888c5ae0,view,2024-10-15 00:00:00,/contact
79167021-331c-4ff7-96d9-5bb3fa2e512c,view,2024-05-25 00:00:00,/home
38136727-d22c-4b54-b83f-dff5562dcc8f,checkout,2024-01-04 00:00:00,/contact
845cb248-5546-413b-92c1-9dd78aaf7136,checkout,2024-02-23 00:00:00,/about
8fcd489c-6fab-4144-8482-a7cc011bf517,add_to_cart,2024-02-02 00:00:00,/contact
9d641494-20d1-497d-9fd8-2010763a1527,view,2024-03-22 00:00:00,/about
0c8444d0-861a-460d-ab6e-b23d9f81e606,checkout,2024-08-30 00:00:00,/products/smartphone
1dabd371-63e2-4491-834a-e1d4ee939259,click,2024-07-22 00:00:00,/contact
ffdebc10-2898-4c58-a511-e3e5b0b0a9f2,checkout,2024-05-10 00:00:00,/home
2120477c-72f9-43e8-9cd9-5ce7efa87a8f,checkout,2024-04-18 00:00:00,/about
10c7a648-9f67-428d-92f9-afce5392f9a8,add_to_cart,2024-07-31 00:00:00,/products/smartphone
88d058d1-4454-4336-b543-54cdbe51eb58,add_to_cart,2024-04-18 00:00:00,/home
0c7a7c9b-2a0b-410d-9874-24cd3fd24be8,checkout,2024-07-14 00:00:00,/about
f104ab27-0f41-426f-b52b-96539adb7006,view,2024-01-22 00:00:00,/products/smartphone
43b9f66d-cd68-4eb0-b1d7-cd338a0d5f04,checkout,2024-05-06 00:00:00,/contact
9fab022d-2a21-48df-9e0f-2d2134451a6a,view,2024-04-17 00:00:00,/contact
afa8895e-7b93-4768-bc66-d8bec5b71e37,click,2024-06-05 00:00:00,/products/smartphone
f5324e33-5785-40b1-a016-bd5011567622,view,2024-11-19 00:00:00,/home
f482f304-69bf-4dcd-871e-01baf5083be5,view,2024-09-29 00:00:00,/about
4c815900-4016-4289-8a1a-c15bff4324d1,click,2024-08-16 00:00:00,/about
6ffefc4c-54ce-45a9-ba0d-6f3562320373,click,2024-01-22 00:00:00,/products/smartphone
24083184-7554-4561-879d-2b0e77cf0db1,click,2024-07-18 00:00:00,/products/laptop
02be3412-23c4-47b4-b7f4-e6e8c1fa64ea,click,2024-01-10 00:00:00,/products/smartphone
664e84fb-d346-436f-8152-d309968f83db,view,2024-06-04 00:00:00,/products/laptop
e138dcb1-3f08-4982-b78c-729924863188,view,2024-08-12 00:00:00,/about
554f1f31-f93c-42f6-934a-5d7e5c8eb339,view,2024-05-06 00:00:00,/contact
840c19c2-142a-43d4-813e-15f2ff66211f,view,2024-11-20 00:00:00,/home
aff55db7-a086-4f12-8216-ddb1f2975733,click,2024-05-17 00:00:00,/home
cea88e4e-05e9-4ec0-b112-33f9b35245d7,add_to_cart,2024-01-09 00:00:00,/contact
b0e7d6d8-b912-4b3e-ae82-06d184cded03,checkout,2024-03-03 00:00:00,/home
e5b29b4f-c273-4107-b194-530095c3c6c3,checkout,2024-11-23 00:00:00,/home
f85543b9-8ca1-45cb-9e21-9af561104cb9,view,2024-01-01 00:00:00,/products/laptop
97603951-80d2-4f75-aeaa-7087280b8424,view,2024-04-30 00:00:00,/products/smartphone
4fa67bc5-73d5-470a-b2f3-9dd27dad67e4,view,2024-11-24 00:00:00,/home
658aafb6-9cca-45cc-bbf8-0a49285112d4,checkout,2024-03-31 00:00:00,/home
a18ce94e-8ef1-482f-a2c0-4b01cbcfac73,click,2024-05-17 00:00:00,/contact
2ca805ce-ee0e-4436-8927-eca67e42e556,click,2024-02-10 00:00:00,/home
fae55d99-0c44-4614-8351-38fe09a4f934,add_to_cart,2024-06-19 00:00:00,/contact
d431872a-59dd-402e-ab9b-fda99888698d,add_to_cart,2024-10-27 00:00:00,/home
b738a39f-fff1-47b6-a7a2-e454d6607a1c,checkout,2024-07-16 00:00:00,/home
78652843-8582-4d37-b9a4-e163c6565697,click,2024-03-16 00:00:00,/products/laptop
04f7bdf1-2715-4aaa-8c13-28df5face1f2,click,2024-06-09 00:00:00,/products/smartphone
c84e0c1b-02ae-4f3e-9957-eb0583516536,view,2024-02-25 00:00:00,/products/laptop
96fa89d8-5407-4fec-963e-9daedf5fbf07,add_to_cart,2024-11-23 00:00:00,/about
2ddfb906-6568-47a4-9a3a-128a1bce29c6,checkout,2024-01-24 00:00:00,/contact
db7d1b29-02fb-4c40-bb4b-bac6dc169a40,click,2024-01-28 00:00:00,/about
e80190bd-0e1f-48f9-a247-2743b578e3fa,add_to_cart,2024-04-03 00:00:00,/contact
3106fee4-91b6-4f80-b6db-702ada1af8d2,checkout,2024-03-31 00:00:00,/home
bf3e795f-5472-447a-a40e-b21708c322fd,click,2024-04-22 00:00:00,/products/smartphone
955e8dc4-623a-488e-8115-e5f157702655,add_to_cart,2024-07-28 00:00:00,/products/laptop
09c758fd-e15a-4212-8baa-0247dc061258,view,2024-06-26 00:00:00,/contact
7c3235eb-cbc8-47d4-900e-def7d68c8253,click,2024-06-13 00:00:00,/home
d59171fb-668d-48e2-a16f-8a1a2b4a0007,add_to_cart,2024-07-04 00:00:00,/about
9a5af0a6-a19c-4635-baf2-c67595a44657,checkout,2024-03-16 00:00:00,/about
f9761cc6-40f1-4784-9599-301c3cb83bc6,checkout,2024-09-21 00:00:00,/contact
58f7ca0d-06cb-4fcc-8dfa-5443fbce1dd2,view,2024-09-04 00:00:00,/about
fa83fde0-3026-4a4c-91a5-c505e3e19c67,checkout,2024-01-22 00:00:00,/products/smartphone
f382c606-642a-4e1f-8ba3-f9c63c943826,click,2024-05-11 00:00:00,/home
b864d883-e67e-48fb-9554-147af971429b,view,2024-03-03 00:00:00,/products/smartphone
7dda1dda-e496-4b8d-a947-ddde9c198eff,add_to_cart,2024-07-20 00:00:00,/about
b088aa9c-e3b3-4d74-b40e-3765da24ae33,click,2024-03-25 00:00:00,/contact
c6a85821-3796-4b88-b822-79dfe4956c77,add_to_cart,2024-05-12 00:00:00,/products/smartphone
55a4ac10-2ae9-4a33-a061-6a09aac7b002,add_to_cart,2024-11-12 00:00:00,/products/smartphone
29919d7b-56fc-49ca-9206-6c2fac5eb367,checkout,2024-03-17 00:00:00,/products/laptop
a3acf0fa-fcd1-4f40-865f-03b7f99321be,add_to_cart,2024-07-14 00:00:00,/about
47e9fafc-1615-4890-8d9e-9d04875ac549,click,2024-03-13 00:00:00,/about
f748662a-88c3-42b2-91b6-c823e3f3d6dc,click,2024-10-27 00:00:00,/products/laptop
be6eca56-24ac-4ca4-ba8f-b6a7a09266aa,view,2024-01-19 00:00:00,/home
992d3290-1ce3-47c2-9b0c-8a80ac6ff1fc,view,2024-04-30 00:00:00,/contact
7e41dab3-1873-4d62-9002-643a09be4f30,view,2024-05-16 00:00:00,/products/smartphone
c0ec9bfe-38b6-4b5a-9bb4-fb1f9dccf59a,view,2024-03-04 00:00:00,/about
5b1defc0-6a43-4fde-a293-ab994a637568,click,2024-07-21 00:00:00,/products/laptop
9abb2c4a-5fb1-4894-8d08-bf000b357d2a,click,2024-01-07 00:00:00,/products/laptop
60bc19ef-732d-452e-9991-15a996d1f4f7,click,2024-04-21 00:00:00,/contact
78263692-96cd-4416-8fb2-0c499cb89fce,checkout,2024-03-29 00:00:00,/products/smartphone
ebfeea3e-e223-406d-b36e-24045c789a67,checkout,2024-11-26 00:00:00,/about
f5d9e95d-b554-40d3-abce-6f6a74787379,add_to_cart,2024-03-24 00:00:00,/products/smartphone
328e9736-42d8-4612-b918-be7534aec8cb,add_to_cart,2024-11-02 00:00:00,/about
463a2008-765b-4dd9-84ff-f61a19caef10,view,2024-04-11 00:00:00,/products/smartphone
3fcacce8-4caf-45d8-9e38-b085e7d51ea6,view,2024-09-21 00:00:00,/products/smartphone
